Hugo_Symbol,barcode,cn,SampleID,PatientID,CNV,amp_del,gene_symbol,egid,tpm,log2tpm,sample_type_code,sample_type,project,tumor_type,n,CNV_n
PTHLH,TCGA.3Z.A93Z.01,0,TCGA-3Z-A93Z-01,TCGA-3Z-A93Z,Diploid,Diploid,PTHLH,5744,22.6239,4.50041328867845,01,TP,TCGA-KIRC,KIRC,385,Diploid (n=385)
PTHLH,TCGA.6D.AA2E.01,0,TCGA-6D-AA2E-01,TCGA-6D-AA2E,Diploid,Diploid,PTHLH,5744,0.1556,-2.59422542205012,01,TP,TCGA-KIRC,KIRC,385,Diploid (n=385)
PTHLH,TCGA.A3.3306.01,0,TCGA-A3-3306-01,TCGA-A3-3306,Diploid,Diploid,PTHLH,5744,11.0518,3.4675142580169,01,TP,TCGA-KIRC,KIRC,385,Diploid (n=385)
PTHLH,TCGA.A3.3307.01,0,TCGA-A3-3307-01,TCGA-A3-3307,Diploid,Diploid,PTHLH,5744,1.475,0.570462931026041,01,TP,TCGA-KIRC,KIRC,385,Diploid (n=385)
PTHLH,TCGA.A3.3308.01,0,TCGA-A3-3308-01,TCGA-A3-3308,Diploid,Diploid,PTHLH,5744,16.633,4.05684360619195,01,TP,TCGA-KIRC,KIRC,385,Diploid (n=385)
PTHLH,TCGA.A3.3311.01,1,TCGA-A3-3311-01,TCGA-A3-3311,Gain,Amp,PTHLH,5744,347.903,8.44258277699677,01,TP,TCGA-KIRC,KIRC,118,Gain (n=118)
PTHLH,TCGA.A3.3313.01,0,TCGA-A3-3313-01,TCGA-A3-3313,Diploid,Diploid,PTHLH,5744,0.2159,-2.14624382415637,01,TP,TCGA-KIRC,KIRC,385,Diploid (n=385)
PTHLH,TCGA.A3.3316.01,0,TCGA-A3-3316-01,TCGA-A3-3316,Diploid,Diploid,PTHLH,5744,49.89,5.6409679104499,01,TP,TCGA-KIRC,KIRC,385,Diploid (n=385)
PTHLH,TCGA.A3.3317.01,0,TCGA-A3-3317-01,TCGA-A3-3317,Diploid,Diploid,PTHLH,5744,132.6415,7.05149717917719,01,TP,TCGA-KIRC,KIRC,385,Diploid (n=385)
PTHLH,TCGA.A3.3319.01,1,TCGA-A3-3319-01,TCGA-A3-3319,Gain,Amp,PTHLH,5744,174.8522,7.45007464503532,01,TP,TCGA-KIRC,KIRC,118,Gain (n=118)
PTHLH,TCGA.A3.3320.01,0,TCGA-A3-3320-01,TCGA-A3-3320,Diploid,Diploid,PTHLH,5744,4.2822,2.10171730169687,01,TP,TCGA-KIRC,KIRC,385,Diploid (n=385)
PTHLH,TCGA.A3.3322.01,0,TCGA-A3-3322-01,TCGA-A3-3322,Diploid,Diploid,PTHLH,5744,6.9956,2.80850861667397,01,TP,TCGA-KIRC,KIRC,385,Diploid (n=385)
PTHLH,TCGA.A3.3323.01,0,TCGA-A3-3323-01,TCGA-A3-3323,Diploid,Diploid,PTHLH,5744,2.425,1.28392177230762,01,TP,TCGA-KIRC,KIRC,385,Diploid (n=385)
PTHLH,TCGA.A3.3324.01,0,TCGA-A3-3324-01,TCGA-A3-3324,Diploid,Diploid,PTHLH,5744,198.9743,7.63651079538947,01,TP,TCGA-KIRC,KIRC,385,Diploid (n=385)
PTHLH,TCGA.A3.3325.01,1,TCGA-A3-3325-01,TCGA-A3-3325,Gain,Amp,PTHLH,5744,28.3482,4.82569405717256,01,TP,TCGA-KIRC,KIRC,118,Gain (n=118)
PTHLH,TCGA.A3.3326.01,0,TCGA-A3-3326-01,TCGA-A3-3326,Diploid,Diploid,PTHLH,5744,0.6763,-0.543088740205865,01,TP,TCGA-KIRC,KIRC,385,Diploid (n=385)
PTHLH,TCGA.A3.3331.01,0,TCGA-A3-3331-01,TCGA-A3-3331,Diploid,Diploid,PTHLH,5744,3.958,1.98841202572479,01,TP,TCGA-KIRC,KIRC,385,Diploid (n=385)
PTHLH,TCGA.A3.3335.01,0,TCGA-A3-3335-01,TCGA-A3-3335,Diploid,Diploid,PTHLH,5744,101.0235,6.65868992107329,01,TP,TCGA-KIRC,KIRC,385,Diploid (n=385)
PTHLH,TCGA.A3.3343.01,0,TCGA-A3-3343-01,TCGA-A3-3343,Diploid,Diploid,PTHLH,5744,3.6851,1.88561340836382,01,TP,TCGA-KIRC,KIRC,385,Diploid (n=385)
PTHLH,TCGA.A3.3346.01,0,TCGA-A3-3346-01,TCGA-A3-3346,Diploid,Diploid,PTHLH,5744,140.9481,7.13912257292654,01,TP,TCGA-KIRC,KIRC,385,Diploid (n=385)
PTHLH,TCGA.A3.3347.01,1,TCGA-A3-3347-01,TCGA-A3-3347,Gain,Amp,PTHLH,5744,61.4881,5.94246993358443,01,TP,TCGA-KIRC,KIRC,118,Gain (n=118)
PTHLH,TCGA.A3.3349.01,0,TCGA-A3-3349-01,TCGA-A3-3349,Diploid,Diploid,PTHLH,5744,3.8327,1.94212034944091,01,TP,TCGA-KIRC,KIRC,385,Diploid (n=385)
PTHLH,TCGA.A3.3351.01,0,TCGA-A3-3351-01,TCGA-A3-3351,Diploid,Diploid,PTHLH,5744,269.8531,8.07608391172049,01,TP,TCGA-KIRC,KIRC,385,Diploid (n=385)
PTHLH,TCGA.A3.3352.01,0,TCGA-A3-3352-01,TCGA-A3-3352,Diploid,Diploid,PTHLH,5744,2.4274,1.28534303015926,01,TP,TCGA-KIRC,KIRC,385,Diploid (n=385)
PTHLH,TCGA.A3.3357.01,0,TCGA-A3-3357-01,TCGA-A3-3357,Diploid,Diploid,PTHLH,5744,18.9925,4.24811732925083,01,TP,TCGA-KIRC,KIRC,385,Diploid (n=385)
PTHLH,TCGA.A3.3358.01,1,TCGA-A3-3358-01,TCGA-A3-3358,Gain,Amp,PTHLH,5744,92.1708,6.52639438318488,01,TP,TCGA-KIRC,KIRC,118,Gain (n=118)
PTHLH,TCGA.A3.3359.01,0,TCGA-A3-3359-01,TCGA-A3-3359,Diploid,Diploid,PTHLH,5744,39.9677,5.32112356811939,01,TP,TCGA-KIRC,KIRC,385,Diploid (n=385)
PTHLH,TCGA.A3.3362.01,0,TCGA-A3-3362-01,TCGA-A3-3362,Diploid,Diploid,PTHLH,5744,4.8386,2.27756823912925,01,TP,TCGA-KIRC,KIRC,385,Diploid (n=385)
PTHLH,TCGA.A3.3363.01,0,TCGA-A3-3363-01,TCGA-A3-3363,Diploid,Diploid,PTHLH,5744,0.21,-2.18442457113743,01,TP,TCGA-KIRC,KIRC,385,Diploid (n=385)
PTHLH,TCGA.A3.3365.01,0,TCGA-A3-3365-01,TCGA-A3-3365,Diploid,Diploid,PTHLH,5744,14.9255,3.90067363085853,01,TP,TCGA-KIRC,KIRC,385,Diploid (n=385)
PTHLH,TCGA.A3.3367.01,0,TCGA-A3-3367-01,TCGA-A3-3367,Diploid,Diploid,PTHLH,5744,0.4104,-1.25016542558727,01,TP,TCGA-KIRC,KIRC,385,Diploid (n=385)
PTHLH,TCGA.A3.3370.01,0,TCGA-A3-3370-01,TCGA-A3-3370,Diploid,Diploid,PTHLH,5744,11.5996,3.53724636097907,01,TP,TCGA-KIRC,KIRC,385,Diploid (n=385)
PTHLH,TCGA.A3.3372.01,1,TCGA-A3-3372-01,TCGA-A3-3372,Gain,Amp,PTHLH,5744,14.4557,3.8545642323335,01,TP,TCGA-KIRC,KIRC,118,Gain (n=118)
PTHLH,TCGA.A3.3373.01,0,TCGA-A3-3373-01,TCGA-A3-3373,Diploid,Diploid,PTHLH,5744,0.6095,-0.690823812521485,01,TP,TCGA-KIRC,KIRC,385,Diploid (n=385)
PTHLH,TCGA.A3.3374.01,1,TCGA-A3-3374-01,TCGA-A3-3374,Gain,Amp,PTHLH,5744,0.2376,-2.01391678033518,01,TP,TCGA-KIRC,KIRC,118,Gain (n=118)
PTHLH,TCGA.A3.3376.01,0,TCGA-A3-3376-01,TCGA-A3-3376,Diploid,Diploid,PTHLH,5744,1.0408,0.0714881055841824,01,TP,TCGA-KIRC,KIRC,385,Diploid (n=385)
PTHLH,TCGA.A3.3378.01,0,TCGA-A3-3378-01,TCGA-A3-3378,Diploid,Diploid,PTHLH,5744,125.3406,6.96982509153056,01,TP,TCGA-KIRC,KIRC,385,Diploid (n=385)
PTHLH,TCGA.A3.3380.01,0,TCGA-A3-3380-01,TCGA-A3-3380,Diploid,Diploid,PTHLH,5744,3.6357,1.86619584872773,01,TP,TCGA-KIRC,KIRC,385,Diploid (n=385)
PTHLH,TCGA.A3.3382.01,1,TCGA-A3-3382-01,TCGA-A3-3382,Gain,Amp,PTHLH,5744,9.1192,3.19048844108561,01,TP,TCGA-KIRC,KIRC,118,Gain (n=118)
PTHLH,TCGA.A3.3383.01,0,TCGA-A3-3383-01,TCGA-A3-3383,Diploid,Diploid,PTHLH,5744,0.8252,-0.259806382979565,01,TP,TCGA-KIRC,KIRC,385,Diploid (n=385)
PTHLH,TCGA.A3.3385.01,0,TCGA-A3-3385-01,TCGA-A3-3385,Diploid,Diploid,PTHLH,5744,0.1929,-2.30115922979279,01,TP,TCGA-KIRC,KIRC,385,Diploid (n=385)
PTHLH,TCGA.A3.3387.01,1,TCGA-A3-3387-01,TCGA-A3-3387,Gain,Amp,PTHLH,5744,0.6618,-0.573896299314951,01,TP,TCGA-KIRC,KIRC,118,Gain (n=118)
PTHLH,TCGA.A3.A6NI.01,1,TCGA-A3-A6NI-01,TCGA-A3-A6NI,Gain,Amp,PTHLH,5744,7.0047,2.8103814049475,01,TP,TCGA-KIRC,KIRC,118,Gain (n=118)
PTHLH,TCGA.A3.A6NJ.01,0,TCGA-A3-A6NJ-01,TCGA-A3-A6NJ,Diploid,Diploid,PTHLH,5744,0.5612,-0.80793211552035,01,TP,TCGA-KIRC,KIRC,385,Diploid (n=385)
PTHLH,TCGA.A3.A6NL.01,0,TCGA-A3-A6NL-01,TCGA-A3-A6NL,Diploid,Diploid,PTHLH,5744,2.6088,1.38890588403907,01,TP,TCGA-KIRC,KIRC,385,Diploid (n=385)
PTHLH,TCGA.A3.A6NN.01,0,TCGA-A3-A6NN-01,TCGA-A3-A6NN,Diploid,Diploid,PTHLH,5744,2.2373,1.16819272782107,01,TP,TCGA-KIRC,KIRC,385,Diploid (n=385)
PTHLH,TCGA.A3.A8CQ.01,0,TCGA-A3-A8CQ-01,TCGA-A3-A8CQ,Diploid,Diploid,PTHLH,5744,1.3554,0.44932365699078,01,TP,TCGA-KIRC,KIRC,385,Diploid (n=385)
PTHLH,TCGA.A3.A8OU.01,0,TCGA-A3-A8OU-01,TCGA-A3-A8OU,Diploid,Diploid,PTHLH,5744,1.5413,0.633477710655096,01,TP,TCGA-KIRC,KIRC,385,Diploid (n=385)
PTHLH,TCGA.A3.A8OV.01,0,TCGA-A3-A8OV-01,TCGA-A3-A8OV,Diploid,Diploid,PTHLH,5744,1.0017,0.016781550233402,01,TP,TCGA-KIRC,KIRC,385,Diploid (n=385)
PTHLH,TCGA.A3.A8OW.01,0,TCGA-A3-A8OW-01,TCGA-A3-A8OW,Diploid,Diploid,PTHLH,5744,1.7528,0.817868801727987,01,TP,TCGA-KIRC,KIRC,385,Diploid (n=385)
PTHLH,TCGA.A3.A8OX.01,0,TCGA-A3-A8OX-01,TCGA-A3-A8OX,Diploid,Diploid,PTHLH,5744,233.2176,7.86559471599322,01,TP,TCGA-KIRC,KIRC,385,Diploid (n=385)
PTHLH,TCGA.AK.3426.01,0,TCGA-AK-3426-01,TCGA-AK-3426,Diploid,Diploid,PTHLH,5744,1.3612,0.45543901456305,01,TP,TCGA-KIRC,KIRC,385,Diploid (n=385)
PTHLH,TCGA.AK.3427.01,0,TCGA-AK-3427-01,TCGA-AK-3427,Diploid,Diploid,PTHLH,5744,0.3241,-1.58164811221448,01,TP,TCGA-KIRC,KIRC,385,Diploid (n=385)
PTHLH,TCGA.AK.3428.01,0,TCGA-AK-3428-01,TCGA-AK-3428,Diploid,Diploid,PTHLH,5744,4.2385,2.08695356488773,01,TP,TCGA-KIRC,KIRC,385,Diploid (n=385)
PTHLH,TCGA.AK.3429.01,0,TCGA-AK-3429-01,TCGA-AK-3429,Diploid,Diploid,PTHLH,5744,19.1604,4.26080853476227,01,TP,TCGA-KIRC,KIRC,385,Diploid (n=385)
PTHLH,TCGA.AK.3431.01,0,TCGA-AK-3431-01,TCGA-AK-3431,Diploid,Diploid,PTHLH,5744,18.6881,4.22481977356488,01,TP,TCGA-KIRC,KIRC,385,Diploid (n=385)
PTHLH,TCGA.AK.3433.01,1,TCGA-AK-3433-01,TCGA-AK-3433,Gain,Amp,PTHLH,5744,0.277,-1.8008773579864,01,TP,TCGA-KIRC,KIRC,118,Gain (n=118)
PTHLH,TCGA.AK.3434.01,0,TCGA-AK-3434-01,TCGA-AK-3434,Diploid,Diploid,PTHLH,5744,2.5053,1.3307304806275,01,TP,TCGA-KIRC,KIRC,385,Diploid (n=385)
PTHLH,TCGA.AK.3436.01,1,TCGA-AK-3436-01,TCGA-AK-3436,Gain,Amp,PTHLH,5744,5.148,2.36681177312713,01,TP,TCGA-KIRC,KIRC,118,Gain (n=118)
PTHLH,TCGA.AK.3440.01,1,TCGA-AK-3440-01,TCGA-AK-3440,Gain,Amp,PTHLH,5744,3.0283,1.60326432775439,01,TP,TCGA-KIRC,KIRC,118,Gain (n=118)
PTHLH,TCGA.AK.3443.01,0,TCGA-AK-3443-01,TCGA-AK-3443,Diploid,Diploid,PTHLH,5744,0.1077,-3.08681377451101,01,TP,TCGA-KIRC,KIRC,385,Diploid (n=385)
PTHLH,TCGA.AK.3444.01,0,TCGA-AK-3444-01,TCGA-AK-3444,Diploid,Diploid,PTHLH,5744,6.4043,2.68129183092187,01,TP,TCGA-KIRC,KIRC,385,Diploid (n=385)
PTHLH,TCGA.AK.3445.01,0,TCGA-AK-3445-01,TCGA-AK-3445,Diploid,Diploid,PTHLH,5744,1.5148,0.608620024360492,01,TP,TCGA-KIRC,KIRC,385,Diploid (n=385)
PTHLH,TCGA.AK.3447.01,0,TCGA-AK-3447-01,TCGA-AK-3447,Diploid,Diploid,PTHLH,5744,0.2097,-2.18639322512617,01,TP,TCGA-KIRC,KIRC,385,Diploid (n=385)
PTHLH,TCGA.AK.3450.01,0,TCGA-AK-3450-01,TCGA-AK-3450,Diploid,Diploid,PTHLH,5744,183.7847,7.5219513546935,01,TP,TCGA-KIRC,KIRC,385,Diploid (n=385)
PTHLH,TCGA.AK.3451.01,0,TCGA-AK-3451-01,TCGA-AK-3451,Diploid,Diploid,PTHLH,5744,0.5063,-0.95371849678809,01,TP,TCGA-KIRC,KIRC,385,Diploid (n=385)
PTHLH,TCGA.AK.3453.01,1,TCGA-AK-3453-01,TCGA-AK-3453,Gain,Amp,PTHLH,5744,1.1622,0.229218742449247,01,TP,TCGA-KIRC,KIRC,118,Gain (n=118)
PTHLH,TCGA.AK.3454.01,0,TCGA-AK-3454-01,TCGA-AK-3454,Diploid,Diploid,PTHLH,5744,69.7729,6.12480164840536,01,TP,TCGA-KIRC,KIRC,385,Diploid (n=385)
PTHLH,TCGA.AK.3455.01,0,TCGA-AK-3455-01,TCGA-AK-3455,Diploid,Diploid,PTHLH,5744,1.4095,0.505382849062304,01,TP,TCGA-KIRC,KIRC,385,Diploid (n=385)
PTHLH,TCGA.AK.3456.01,0,TCGA-AK-3456-01,TCGA-AK-3456,Diploid,Diploid,PTHLH,5744,0.2399,-2.00057719346275,01,TP,TCGA-KIRC,KIRC,385,Diploid (n=385)
PTHLH,TCGA.AK.3458.01,0,TCGA-AK-3458-01,TCGA-AK-3458,Diploid,Diploid,PTHLH,5744,1.307,0.397255345594427,01,TP,TCGA-KIRC,KIRC,385,Diploid (n=385)
PTHLH,TCGA.AK.3460.01,0,TCGA-AK-3460-01,TCGA-AK-3460,Diploid,Diploid,PTHLH,5744,2.4404,1.29301727204951,01,TP,TCGA-KIRC,KIRC,385,Diploid (n=385)
PTHLH,TCGA.AK.3461.01,0,TCGA-AK-3461-01,TCGA-AK-3461,Diploid,Diploid,PTHLH,5744,4.7094,2.23860345449236,01,TP,TCGA-KIRC,KIRC,385,Diploid (n=385)
PTHLH,TCGA.AK.3465.01,0,TCGA-AK-3465-01,TCGA-AK-3465,Diploid,Diploid,PTHLH,5744,0.6559,-0.586622554732292,01,TP,TCGA-KIRC,KIRC,385,Diploid (n=385)
PTHLH,TCGA.AS.3777.01,0,TCGA-AS-3777-01,TCGA-AS-3777,Diploid,Diploid,PTHLH,5744,0.1389,-2.74758434096735,01,TP,TCGA-KIRC,KIRC,385,Diploid (n=385)
PTHLH,TCGA.AS.3778.01,0,TCGA-AS-3778-01,TCGA-AS-3778,Diploid,Diploid,PTHLH,5744,6.3035,2.65844001040012,01,TP,TCGA-KIRC,KIRC,385,Diploid (n=385)
PTHLH,TCGA.B0.4688.01,1,TCGA-B0-4688-01,TCGA-B0-4688,Gain,Amp,PTHLH,5744,28.8389,4.85044440527286,01,TP,TCGA-KIRC,KIRC,118,Gain (n=118)
PTHLH,TCGA.B0.4690.01,1,TCGA-B0-4690-01,TCGA-B0-4690,Gain,Amp,PTHLH,5744,188.405,7.55777001440789,01,TP,TCGA-KIRC,KIRC,118,Gain (n=118)
PTHLH,TCGA.B0.4691.01,1,TCGA-B0-4691-01,TCGA-B0-4691,Gain,Amp,PTHLH,5744,52.392,5.71154997029548,01,TP,TCGA-KIRC,KIRC,118,Gain (n=118)
PTHLH,TCGA.B0.4693.01,1,TCGA-B0-4693-01,TCGA-B0-4693,Gain,Amp,PTHLH,5744,1.9712,0.986374526084965,01,TP,TCGA-KIRC,KIRC,118,Gain (n=118)
PTHLH,TCGA.B0.4694.01,0,TCGA-B0-4694-01,TCGA-B0-4694,Diploid,Diploid,PTHLH,5744,26.0078,4.70142707142132,01,TP,TCGA-KIRC,KIRC,385,Diploid (n=385)
PTHLH,TCGA.B0.4696.01,1,TCGA-B0-4696-01,TCGA-B0-4696,Gain,Amp,PTHLH,5744,2.1758,1.12816140091449,01,TP,TCGA-KIRC,KIRC,118,Gain (n=118)
PTHLH,TCGA.B0.4697.01,0,TCGA-B0-4697-01,TCGA-B0-4697,Diploid,Diploid,PTHLH,5744,1.4141,0.510050455601139,01,TP,TCGA-KIRC,KIRC,385,Diploid (n=385)
PTHLH,TCGA.B0.4698.01,1,TCGA-B0-4698-01,TCGA-B0-4698,Gain,Amp,PTHLH,5744,1.6185,0.703543719733816,01,TP,TCGA-KIRC,KIRC,118,Gain (n=118)
PTHLH,TCGA.B0.4699.01,1,TCGA-B0-4699-01,TCGA-B0-4699,Gain,Amp,PTHLH,5744,3.7669,1.91720258642199,01,TP,TCGA-KIRC,KIRC,118,Gain (n=118)
PTHLH,TCGA.B0.4700.01,0,TCGA-B0-4700-01,TCGA-B0-4700,Diploid,Diploid,PTHLH,5744,15.0207,3.90984029396282,01,TP,TCGA-KIRC,KIRC,385,Diploid (n=385)
PTHLH,TCGA.B0.4701.01,0,TCGA-B0-4701-01,TCGA-B0-4701,Diploid,Diploid,PTHLH,5744,0.908,-0.123433941248279,01,TP,TCGA-KIRC,KIRC,385,Diploid (n=385)
PTHLH,TCGA.B0.4703.01,0,TCGA-B0-4703-01,TCGA-B0-4703,Diploid,Diploid,PTHLH,5744,10.5174,3.3960772662681,01,TP,TCGA-KIRC,KIRC,385,Diploid (n=385)
PTHLH,TCGA.B0.4706.01,0,TCGA-B0-4706-01,TCGA-B0-4706,Diploid,Diploid,PTHLH,5744,3.4416,1.7872652827517,01,TP,TCGA-KIRC,KIRC,385,Diploid (n=385)
PTHLH,TCGA.B0.4707.01,1,TCGA-B0-4707-01,TCGA-B0-4707,Gain,Amp,PTHLH,5744,57.8904,5.85550140987257,01,TP,TCGA-KIRC,KIRC,118,Gain (n=118)
PTHLH,TCGA.B0.4710.01,1,TCGA-B0-4710-01,TCGA-B0-4710,Gain,Amp,PTHLH,5744,1.7458,0.812128519451271,01,TP,TCGA-KIRC,KIRC,118,Gain (n=118)
PTHLH,TCGA.B0.4712.01,1,TCGA-B0-4712-01,TCGA-B0-4712,Gain,Amp,PTHLH,5744,81.7973,6.35415768137825,01,TP,TCGA-KIRC,KIRC,118,Gain (n=118)
PTHLH,TCGA.B0.4713.01,1,TCGA-B0-4713-01,TCGA-B0-4713,Gain,Amp,PTHLH,5744,116.0646,6.85890849907464,01,TP,TCGA-KIRC,KIRC,118,Gain (n=118)
PTHLH,TCGA.B0.4714.01,0,TCGA-B0-4714-01,TCGA-B0-4714,Diploid,Diploid,PTHLH,5744,1.5646,0.654985383337308,01,TP,TCGA-KIRC,KIRC,385,Diploid (n=385)
PTHLH,TCGA.B0.4718.01,0,TCGA-B0-4718-01,TCGA-B0-4718,Diploid,Diploid,PTHLH,5744,14.3366,3.84263696807193,01,TP,TCGA-KIRC,KIRC,385,Diploid (n=385)
PTHLH,TCGA.B0.4810.01,0,TCGA-B0-4810-01,TCGA-B0-4810,Diploid,Diploid,PTHLH,5744,45.0141,5.49262553285092,01,TP,TCGA-KIRC,KIRC,385,Diploid (n=385)
PTHLH,TCGA.B0.4811.01,1,TCGA-B0-4811-01,TCGA-B0-4811,Gain,Amp,PTHLH,5744,4.5123,2.17705670066002,01,TP,TCGA-KIRC,KIRC,118,Gain (n=118)
PTHLH,TCGA.B0.4813.01,0,TCGA-B0-4813-01,TCGA-B0-4813,Diploid,Diploid,PTHLH,5744,0.8622,-0.197269104467843,01,TP,TCGA-KIRC,KIRC,385,Diploid (n=385)
PTHLH,TCGA.B0.4814.01,0,TCGA-B0-4814-01,TCGA-B0-4814,Diploid,Diploid,PTHLH,5744,2.6024,1.38537581335991,01,TP,TCGA-KIRC,KIRC,385,Diploid (n=385)
PTHLH,TCGA.B0.4815.01,1,TCGA-B0-4815-01,TCGA-B0-4815,Gain,Amp,PTHLH,5744,17.5092,4.13086499183649,01,TP,TCGA-KIRC,KIRC,118,Gain (n=118)
PTHLH,TCGA.B0.4816.01,0,TCGA-B0-4816-01,TCGA-B0-4816,Diploid,Diploid,PTHLH,5744,1.6526,0.733441116653124,01,TP,TCGA-KIRC,KIRC,385,Diploid (n=385)
PTHLH,TCGA.B0.4817.01,0,TCGA-B0-4817-01,TCGA-B0-4817,Diploid,Diploid,PTHLH,5744,1.1913,0.264596479490882,01,TP,TCGA-KIRC,KIRC,385,Diploid (n=385)
PTHLH,TCGA.B0.4818.01,0,TCGA-B0-4818-01,TCGA-B0-4818,Diploid,Diploid,PTHLH,5744,6.2144,2.63793477553514,01,TP,TCGA-KIRC,KIRC,385,Diploid (n=385)
PTHLH,TCGA.B0.4819.01,1,TCGA-B0-4819-01,TCGA-B0-4819,Gain,Amp,PTHLH,5744,35.8485,5.16424323485542,01,TP,TCGA-KIRC,KIRC,118,Gain (n=118)
PTHLH,TCGA.B0.4821.01,1,TCGA-B0-4821-01,TCGA-B0-4821,Gain,Amp,PTHLH,5744,107.8164,6.75256663768062,01,TP,TCGA-KIRC,KIRC,118,Gain (n=118)
PTHLH,TCGA.B0.4822.01,1,TCGA-B0-4822-01,TCGA-B0-4822,Gain,Amp,PTHLH,5744,64.277,6.00645512277172,01,TP,TCGA-KIRC,KIRC,118,Gain (n=118)
PTHLH,TCGA.B0.4823.01,1,TCGA-B0-4823-01,TCGA-B0-4823,Gain,Amp,PTHLH,5744,1.6715,0.749748778864496,01,TP,TCGA-KIRC,KIRC,118,Gain (n=118)
PTHLH,TCGA.B0.4824.01,0,TCGA-B0-4824-01,TCGA-B0-4824,Diploid,Diploid,PTHLH,5744,0.9218,-0.101907764440992,01,TP,TCGA-KIRC,KIRC,385,Diploid (n=385)
PTHLH,TCGA.B0.4827.01,0,TCGA-B0-4827-01,TCGA-B0-4827,Diploid,Diploid,PTHLH,5744,96.5307,6.59306538244124,01,TP,TCGA-KIRC,KIRC,385,Diploid (n=385)
PTHLH,TCGA.B0.4828.01,1,TCGA-B0-4828-01,TCGA-B0-4828,Gain,Amp,PTHLH,5744,10.5658,3.40269489415494,01,TP,TCGA-KIRC,KIRC,118,Gain (n=118)
PTHLH,TCGA.B0.4833.01,0,TCGA-B0-4833-01,TCGA-B0-4833,Diploid,Diploid,PTHLH,5744,15.4529,3.95073901073911,01,TP,TCGA-KIRC,KIRC,385,Diploid (n=385)
PTHLH,TCGA.B0.4834.01,0,TCGA-B0-4834-01,TCGA-B0-4834,Diploid,Diploid,PTHLH,5744,0.2475,-1.95735566259151,01,TP,TCGA-KIRC,KIRC,385,Diploid (n=385)
PTHLH,TCGA.B0.4836.01,0,TCGA-B0-4836-01,TCGA-B0-4836,Diploid,Diploid,PTHLH,5744,109.3384,6.77278830061383,01,TP,TCGA-KIRC,KIRC,385,Diploid (n=385)
PTHLH,TCGA.B0.4837.01,0,TCGA-B0-4837-01,TCGA-B0-4837,Diploid,Diploid,PTHLH,5744,50.7504,5.66563153277683,01,TP,TCGA-KIRC,KIRC,385,Diploid (n=385)
PTHLH,TCGA.B0.4838.01,1,TCGA-B0-4838-01,TCGA-B0-4838,Gain,Amp,PTHLH,5744,42.9944,5.42641237175856,01,TP,TCGA-KIRC,KIRC,118,Gain (n=118)
PTHLH,TCGA.B0.4839.01,0,TCGA-B0-4839-01,TCGA-B0-4839,Diploid,Diploid,PTHLH,5744,1.826,0.876566058751721,01,TP,TCGA-KIRC,KIRC,385,Diploid (n=385)
PTHLH,TCGA.B0.4841.01,0,TCGA-B0-4841-01,TCGA-B0-4841,Diploid,Diploid,PTHLH,5744,2.4887,1.32117769834609,01,TP,TCGA-KIRC,KIRC,385,Diploid (n=385)
PTHLH,TCGA.B0.4842.01,0,TCGA-B0-4842-01,TCGA-B0-4842,Diploid,Diploid,PTHLH,5744,1.1757,0.245739032429285,01,TP,TCGA-KIRC,KIRC,385,Diploid (n=385)
PTHLH,TCGA.B0.4843.01,0,TCGA-B0-4843-01,TCGA-B0-4843,Diploid,Diploid,PTHLH,5744,55.6082,5.79748514965656,01,TP,TCGA-KIRC,KIRC,385,Diploid (n=385)
PTHLH,TCGA.B0.4844.01,0,TCGA-B0-4844-01,TCGA-B0-4844,Diploid,Diploid,PTHLH,5744,3.3746,1.75898534277657,01,TP,TCGA-KIRC,KIRC,385,Diploid (n=385)
PTHLH,TCGA.B0.4845.01,0,TCGA-B0-4845-01,TCGA-B0-4845,Diploid,Diploid,PTHLH,5744,2.4245,1.28362550060704,01,TP,TCGA-KIRC,KIRC,385,Diploid (n=385)
PTHLH,TCGA.B0.4846.01,0,TCGA-B0-4846-01,TCGA-B0-4846,Diploid,Diploid,PTHLH,5744,2.3829,1.25876010748294,01,TP,TCGA-KIRC,KIRC,385,Diploid (n=385)
PTHLH,TCGA.B0.4847.01,0,TCGA-B0-4847-01,TCGA-B0-4847,Diploid,Diploid,PTHLH,5744,0.5831,-0.753652723099085,01,TP,TCGA-KIRC,KIRC,385,Diploid (n=385)
PTHLH,TCGA.B0.4848.01,1,TCGA-B0-4848-01,TCGA-B0-4848,Gain,Amp,PTHLH,5744,38.1619,5.25443909313476,01,TP,TCGA-KIRC,KIRC,118,Gain (n=118)
PTHLH,TCGA.B0.4849.01,0,TCGA-B0-4849-01,TCGA-B0-4849,Diploid,Diploid,PTHLH,5744,1.6429,0.724999444613207,01,TP,TCGA-KIRC,KIRC,385,Diploid (n=385)
PTHLH,TCGA.B0.4852.01,0,TCGA-B0-4852-01,TCGA-B0-4852,Diploid,Diploid,PTHLH,5744,1.8772,0.916247323690013,01,TP,TCGA-KIRC,KIRC,385,Diploid (n=385)
PTHLH,TCGA.B0.4945.01,0,TCGA-B0-4945-01,TCGA-B0-4945,Diploid,Diploid,PTHLH,5744,63.9512,5.99912510090087,01,TP,TCGA-KIRC,KIRC,385,Diploid (n=385)
PTHLH,TCGA.B0.5075.01,1,TCGA-B0-5075-01,TCGA-B0-5075,Gain,Amp,PTHLH,5744,17.0249,4.09042157329153,01,TP,TCGA-KIRC,KIRC,118,Gain (n=118)
PTHLH,TCGA.B0.5077.01,0,TCGA-B0-5077-01,TCGA-B0-5077,Diploid,Diploid,PTHLH,5744,1.8705,0.911116306378219,01,TP,TCGA-KIRC,KIRC,385,Diploid (n=385)
PTHLH,TCGA.B0.5080.01,0,TCGA-B0-5080-01,TCGA-B0-5080,Diploid,Diploid,PTHLH,5744,37.2503,5.21956738502225,01,TP,TCGA-KIRC,KIRC,385,Diploid (n=385)
PTHLH,TCGA.B0.5081.01,1,TCGA-B0-5081-01,TCGA-B0-5081,Gain,Amp,PTHLH,5744,88,6.45959555194136,01,TP,TCGA-KIRC,KIRC,118,Gain (n=118)
PTHLH,TCGA.B0.5084.01,1,TCGA-B0-5084-01,TCGA-B0-5084,Gain,Amp,PTHLH,5744,0.3703,-1.39479015591886,01,TP,TCGA-KIRC,KIRC,118,Gain (n=118)
PTHLH,TCGA.B0.5085.01,0,TCGA-B0-5085-01,TCGA-B0-5085,Diploid,Diploid,PTHLH,5744,1.8235,0.874600266049579,01,TP,TCGA-KIRC,KIRC,385,Diploid (n=385)
PTHLH,TCGA.B0.5088.01,0,TCGA-B0-5088-01,TCGA-B0-5088,Diploid,Diploid,PTHLH,5744,20.7623,4.37658906142546,01,TP,TCGA-KIRC,KIRC,385,Diploid (n=385)
PTHLH,TCGA.B0.5092.01,0,TCGA-B0-5092-01,TCGA-B0-5092,Diploid,Diploid,PTHLH,5744,4.3775,2.1333991254172,01,TP,TCGA-KIRC,KIRC,385,Diploid (n=385)
PTHLH,TCGA.B0.5094.01,1,TCGA-B0-5094-01,TCGA-B0-5094,Gain,Amp,PTHLH,5744,2.91,1.54596836910529,01,TP,TCGA-KIRC,KIRC,118,Gain (n=118)
PTHLH,TCGA.B0.5095.01,1,TCGA-B0-5095-01,TCGA-B0-5095,Gain,Amp,PTHLH,5744,61.3653,5.93958626616731,01,TP,TCGA-KIRC,KIRC,118,Gain (n=118)
PTHLH,TCGA.B0.5096.01,0,TCGA-B0-5096-01,TCGA-B0-5096,Diploid,Diploid,PTHLH,5744,2.1811,1.13165532924455,01,TP,TCGA-KIRC,KIRC,385,Diploid (n=385)
PTHLH,TCGA.B0.5097.01,0,TCGA-B0-5097-01,TCGA-B0-5097,Diploid,Diploid,PTHLH,5744,11.6565,3.54429990614744,01,TP,TCGA-KIRC,KIRC,385,Diploid (n=385)
PTHLH,TCGA.B0.5098.01,0,TCGA-B0-5098-01,TCGA-B0-5098,Diploid,Diploid,PTHLH,5744,0.8821,-0.164722656694879,01,TP,TCGA-KIRC,KIRC,385,Diploid (n=385)
PTHLH,TCGA.B0.5099.01,0,TCGA-B0-5099-01,TCGA-B0-5099,Diploid,Diploid,PTHLH,5744,0.55,-0.83650126771712,01,TP,TCGA-KIRC,KIRC,385,Diploid (n=385)
PTHLH,TCGA.B0.5100.01,0,TCGA-B0-5100-01,TCGA-B0-5100,Diploid,Diploid,PTHLH,5744,14.5158,3.86054571629685,01,TP,TCGA-KIRC,KIRC,385,Diploid (n=385)
PTHLH,TCGA.B0.5102.01,0,TCGA-B0-5102-01,TCGA-B0-5102,Diploid,Diploid,PTHLH,5744,366.6608,8.51834157070694,01,TP,TCGA-KIRC,KIRC,385,Diploid (n=385)
PTHLH,TCGA.B0.5104.01,0,TCGA-B0-5104-01,TCGA-B0-5104,Diploid,Diploid,PTHLH,5744,1.2335,0.31440650755482,01,TP,TCGA-KIRC,KIRC,385,Diploid (n=385)
PTHLH,TCGA.B0.5106.01,0,TCGA-B0-5106-01,TCGA-B0-5106,Diploid,Diploid,PTHLH,5744,9.681,3.27664554289562,01,TP,TCGA-KIRC,KIRC,385,Diploid (n=385)
PTHLH,TCGA.B0.5107.01,1,TCGA-B0-5107-01,TCGA-B0-5107,Gain,Amp,PTHLH,5744,0.5178,-0.921936744223181,01,TP,TCGA-KIRC,KIRC,118,Gain (n=118)
PTHLH,TCGA.B0.5108.01,0,TCGA-B0-5108-01,TCGA-B0-5108,Diploid,Diploid,PTHLH,5744,1.9322,0.95769177138088,01,TP,TCGA-KIRC,KIRC,385,Diploid (n=385)
PTHLH,TCGA.B0.5109.01,1,TCGA-B0-5109-01,TCGA-B0-5109,Gain,Amp,PTHLH,5744,28.0624,4.81108050466174,01,TP,TCGA-KIRC,KIRC,118,Gain (n=118)
PTHLH,TCGA.B0.5110.01,0,TCGA-B0-5110-01,TCGA-B0-5110,Diploid,Diploid,PTHLH,5744,4.3687,2.13050260911038,01,TP,TCGA-KIRC,KIRC,385,Diploid (n=385)
PTHLH,TCGA.B0.5113.01,1,TCGA-B0-5113-01,TCGA-B0-5113,Gain,Amp,PTHLH,5744,8.9043,3.15612151392671,01,TP,TCGA-KIRC,KIRC,118,Gain (n=118)
PTHLH,TCGA.B0.5115.01,0,TCGA-B0-5115-01,TCGA-B0-5115,Diploid,Diploid,PTHLH,5744,2.9631,1.57196798900332,01,TP,TCGA-KIRC,KIRC,385,Diploid (n=385)
PTHLH,TCGA.B0.5116.01,1,TCGA-B0-5116-01,TCGA-B0-5116,Gain,Amp,PTHLH,5744,5.0227,2.33133260113068,01,TP,TCGA-KIRC,KIRC,118,Gain (n=118)
PTHLH,TCGA.B0.5117.01,0,TCGA-B0-5117-01,TCGA-B0-5117,Diploid,Diploid,PTHLH,5744,0.9748,-0.022097333064992,01,TP,TCGA-KIRC,KIRC,385,Diploid (n=385)
PTHLH,TCGA.B0.5119.01,0,TCGA-B0-5119-01,TCGA-B0-5119,Diploid,Diploid,PTHLH,5744,1.0729,0.11490002395719,01,TP,TCGA-KIRC,KIRC,385,Diploid (n=385)
PTHLH,TCGA.B0.5120.01,0,TCGA-B0-5120-01,TCGA-B0-5120,Diploid,Diploid,PTHLH,5744,17.09,4.09592441999854,01,TP,TCGA-KIRC,KIRC,385,Diploid (n=385)
PTHLH,TCGA.B0.5121.01,0,TCGA-B0-5121-01,TCGA-B0-5121,Diploid,Diploid,PTHLH,5744,0.7364,-0.421979108697691,01,TP,TCGA-KIRC,KIRC,385,Diploid (n=385)
PTHLH,TCGA.B0.5399.01,0,TCGA-B0-5399-01,TCGA-B0-5399,Diploid,Diploid,PTHLH,5744,1.0922,0.140386032283056,01,TP,TCGA-KIRC,KIRC,385,Diploid (n=385)
PTHLH,TCGA.B0.5400.01,0,TCGA-B0-5400-01,TCGA-B0-5400,Diploid,Diploid,PTHLH,5744,15.1164,3.9189967698092,01,TP,TCGA-KIRC,KIRC,385,Diploid (n=385)
PTHLH,TCGA.B0.5402.01,0,TCGA-B0-5402-01,TCGA-B0-5402,Diploid,Diploid,PTHLH,5744,16.8333,4.0741029189935,01,TP,TCGA-KIRC,KIRC,385,Diploid (n=385)
PTHLH,TCGA.B0.5690.01,0,TCGA-B0-5690-01,TCGA-B0-5690,Diploid,Diploid,PTHLH,5744,1.6077,0.693944086975786,01,TP,TCGA-KIRC,KIRC,385,Diploid (n=385)
PTHLH,TCGA.B0.5691.01,0,TCGA-B0-5691-01,TCGA-B0-5691,Diploid,Diploid,PTHLH,5744,18.4974,4.21003032826047,01,TP,TCGA-KIRC,KIRC,385,Diploid (n=385)
PTHLH,TCGA.B0.5692.01,0,TCGA-B0-5692-01,TCGA-B0-5692,Diploid,Diploid,PTHLH,5744,0.4221,-1.21056286395972,01,TP,TCGA-KIRC,KIRC,385,Diploid (n=385)
PTHLH,TCGA.B0.5693.01,0,TCGA-B0-5693-01,TCGA-B0-5693,Diploid,Diploid,PTHLH,5744,3.6821,1.88444162870154,01,TP,TCGA-KIRC,KIRC,385,Diploid (n=385)
PTHLH,TCGA.B0.5694.01,0,TCGA-B0-5694-01,TCGA-B0-5694,Diploid,Diploid,PTHLH,5744,10.9355,3.45226595448108,01,TP,TCGA-KIRC,KIRC,385,Diploid (n=385)
PTHLH,TCGA.B0.5695.01,0,TCGA-B0-5695-01,TCGA-B0-5695,Diploid,Diploid,PTHLH,5744,7.2598,2.86191567460193,01,TP,TCGA-KIRC,KIRC,385,Diploid (n=385)
PTHLH,TCGA.B0.5696.01,1,TCGA-B0-5696-01,TCGA-B0-5696,Gain,Amp,PTHLH,5744,9.0049,3.17231148829608,01,TP,TCGA-KIRC,KIRC,118,Gain (n=118)
PTHLH,TCGA.B0.5697.01,1,TCGA-B0-5697-01,TCGA-B0-5697,Gain,Amp,PTHLH,5744,2.8619,1.52200551517217,01,TP,TCGA-KIRC,KIRC,118,Gain (n=118)
PTHLH,TCGA.B0.5698.01,0,TCGA-B0-5698-01,TCGA-B0-5698,Diploid,Diploid,PTHLH,5744,8.1256,3.02424874849204,01,TP,TCGA-KIRC,KIRC,385,Diploid (n=385)
PTHLH,TCGA.B0.5699.01,0,TCGA-B0-5699-01,TCGA-B0-5699,Diploid,Diploid,PTHLH,5744,0.7527,-0.390812395129575,01,TP,TCGA-KIRC,KIRC,385,Diploid (n=385)
PTHLH,TCGA.B0.5701.01,0,TCGA-B0-5701-01,TCGA-B0-5701,Diploid,Diploid,PTHLH,5744,47.6916,5.57596575259304,01,TP,TCGA-KIRC,KIRC,385,Diploid (n=385)
PTHLH,TCGA.B0.5702.01,0,TCGA-B0-5702-01,TCGA-B0-5702,Diploid,Diploid,PTHLH,5744,5.4907,2.45961522268613,01,TP,TCGA-KIRC,KIRC,385,Diploid (n=385)
PTHLH,TCGA.B0.5703.01,0,TCGA-B0-5703-01,TCGA-B0-5703,Diploid,Diploid,PTHLH,5744,1.6152,0.700617269681639,01,TP,TCGA-KIRC,KIRC,385,Diploid (n=385)
PTHLH,TCGA.B0.5705.01,0,TCGA-B0-5705-01,TCGA-B0-5705,Diploid,Diploid,PTHLH,5744,5.7778,2.53301506976297,01,TP,TCGA-KIRC,KIRC,385,Diploid (n=385)
PTHLH,TCGA.B0.5706.01,0,TCGA-B0-5706-01,TCGA-B0-5706,Diploid,Diploid,PTHLH,5744,86.0042,6.42650294747487,01,TP,TCGA-KIRC,KIRC,385,Diploid (n=385)
PTHLH,TCGA.B0.5709.01,0,TCGA-B0-5709-01,TCGA-B0-5709,Diploid,Diploid,PTHLH,5744,5.5323,2.47048480479231,01,TP,TCGA-KIRC,KIRC,385,Diploid (n=385)
PTHLH,TCGA.B0.5710.01,0,TCGA-B0-5710-01,TCGA-B0-5710,Diploid,Diploid,PTHLH,5744,5.7047,2.51467776442882,01,TP,TCGA-KIRC,KIRC,385,Diploid (n=385)
PTHLH,TCGA.B0.5711.01,0,TCGA-B0-5711-01,TCGA-B0-5711,Diploid,Diploid,PTHLH,5744,6.7363,2.75409647472854,01,TP,TCGA-KIRC,KIRC,385,Diploid (n=385)
PTHLH,TCGA.B0.5712.01,0,TCGA-B0-5712-01,TCGA-B0-5712,Diploid,Diploid,PTHLH,5744,0.4462,-1.13226164823731,01,TP,TCGA-KIRC,KIRC,385,Diploid (n=385)
PTHLH,TCGA.B0.5713.01,1,TCGA-B0-5713-01,TCGA-B0-5713,Gain,Amp,PTHLH,5744,1.0663,0.106080260225132,01,TP,TCGA-KIRC,KIRC,118,Gain (n=118)
PTHLH,TCGA.B0.5812.01,0,TCGA-B0-5812-01,TCGA-B0-5812,Diploid,Diploid,PTHLH,5744,14.8399,3.89238131076257,01,TP,TCGA-KIRC,KIRC,385,Diploid (n=385)
PTHLH,TCGA.B2.3923.01,0,TCGA-B2-3923-01,TCGA-B2-3923,Diploid,Diploid,PTHLH,5744,0.872133333333333,-0.180931361099331,01,TP,TCGA-KIRC,KIRC,385,Diploid (n=385)
PTHLH,TCGA.B2.3924.01,0,TCGA-B2-3924-01,TCGA-B2-3924,Diploid,Diploid,PTHLH,5744,1.87293333333333,0.912981921156587,01,TP,TCGA-KIRC,KIRC,385,Diploid (n=385)
PTHLH,TCGA.B2.4098.01,0,TCGA-B2-4098-01,TCGA-B2-4098,Diploid,Diploid,PTHLH,5744,0.1616,-2.5428785420499,01,TP,TCGA-KIRC,KIRC,385,Diploid (n=385)
PTHLH,TCGA.B2.4099.01,0,TCGA-B2-4099-01,TCGA-B2-4099,Diploid,Diploid,PTHLH,5744,0.791,-0.320125852253377,01,TP,TCGA-KIRC,KIRC,385,Diploid (n=385)
PTHLH,TCGA.B2.4101.01,0,TCGA-B2-4101-01,TCGA-B2-4101,Diploid,Diploid,PTHLH,5744,1.7959,0.852718007160738,01,TP,TCGA-KIRC,KIRC,385,Diploid (n=385)
PTHLH,TCGA.B2.4102.01,0,TCGA-B2-4102-01,TCGA-B2-4102,Diploid,Diploid,PTHLH,5744,1.4291,0.525166845373195,01,TP,TCGA-KIRC,KIRC,385,Diploid (n=385)
PTHLH,TCGA.B2.5633.01,0,TCGA-B2-5633-01,TCGA-B2-5633,Diploid,Diploid,PTHLH,5744,6.66013333333333,2.73771560060269,01,TP,TCGA-KIRC,KIRC,385,Diploid (n=385)
PTHLH,TCGA.B2.5635.01,0,TCGA-B2-5635-01,TCGA-B2-5635,Diploid,Diploid,PTHLH,5744,1.16826666666667,0.236666088522617,01,TP,TCGA-KIRC,KIRC,385,Diploid (n=385)
PTHLH,TCGA.B2.5639.01,0,TCGA-B2-5639-01,TCGA-B2-5639,Diploid,Diploid,PTHLH,5744,3.2608,1.70964354547093,01,TP,TCGA-KIRC,KIRC,385,Diploid (n=385)
PTHLH,TCGA.B2.5641.01,0,TCGA-B2-5641-01,TCGA-B2-5641,Diploid,Diploid,PTHLH,5744,15.3965,3.94546724706084,01,TP,TCGA-KIRC,KIRC,385,Diploid (n=385)
PTHLH,TCGA.B2.A4SR.01,0,TCGA-B2-A4SR-01,TCGA-B2-A4SR,Diploid,Diploid,PTHLH,5744,22.0829,4.46551089977406,01,TP,TCGA-KIRC,KIRC,385,Diploid (n=385)
PTHLH,TCGA.B4.5377.01,0,TCGA-B4-5377-01,TCGA-B4-5377,Diploid,Diploid,PTHLH,5744,15.2455,3.93125756000218,01,TP,TCGA-KIRC,KIRC,385,Diploid (n=385)
PTHLH,TCGA.B4.5378.01,0,TCGA-B4-5378-01,TCGA-B4-5378,Diploid,Diploid,PTHLH,5744,10.5011,3.3938417519613,01,TP,TCGA-KIRC,KIRC,385,Diploid (n=385)
PTHLH,TCGA.B4.5832.01,1,TCGA-B4-5832-01,TCGA-B4-5832,Gain,Amp,PTHLH,5744,479.0802,8.90415349258754,01,TP,TCGA-KIRC,KIRC,118,Gain (n=118)
PTHLH,TCGA.B4.5834.01,0,TCGA-B4-5834-01,TCGA-B4-5834,Diploid,Diploid,PTHLH,5744,2.6016,1.38493394657518,01,TP,TCGA-KIRC,KIRC,385,Diploid (n=385)
PTHLH,TCGA.B4.5835.01,0,TCGA-B4-5835-01,TCGA-B4-5835,Diploid,Diploid,PTHLH,5744,0.2431,-1.98222058743877,01,TP,TCGA-KIRC,KIRC,385,Diploid (n=385)
PTHLH,TCGA.B4.5836.01,0,TCGA-B4-5836-01,TCGA-B4-5836,Diploid,Diploid,PTHLH,5744,51.8683,5.6970592995781,01,TP,TCGA-KIRC,KIRC,385,Diploid (n=385)
PTHLH,TCGA.B4.5838.01,1,TCGA-B4-5838-01,TCGA-B4-5838,Gain,Amp,PTHLH,5744,268.1843,8.06713476538729,01,TP,TCGA-KIRC,KIRC,118,Gain (n=118)
PTHLH,TCGA.B4.5843.01,0,TCGA-B4-5843-01,TCGA-B4-5843,Diploid,Diploid,PTHLH,5744,0.8094,-0.287360202069148,01,TP,TCGA-KIRC,KIRC,385,Diploid (n=385)
PTHLH,TCGA.B4.5844.01,0,TCGA-B4-5844-01,TCGA-B4-5844,Diploid,Diploid,PTHLH,5744,4.8445,2.27932270971912,01,TP,TCGA-KIRC,KIRC,385,Diploid (n=385)
PTHLH,TCGA.B8.4143.01,1,TCGA-B8-4143-01,TCGA-B8-4143,Gain,Amp,PTHLH,5744,208.6328,7.70489132564792,01,TP,TCGA-KIRC,KIRC,118,Gain (n=118)
PTHLH,TCGA.B8.4146.01,0,TCGA-B8-4146-01,TCGA-B8-4146,Diploid,Diploid,PTHLH,5744,9.8428,3.30053377249537,01,TP,TCGA-KIRC,KIRC,385,Diploid (n=385)
PTHLH,TCGA.B8.4148.01,0,TCGA-B8-4148-01,TCGA-B8-4148,Diploid,Diploid,PTHLH,5744,1.2216,0.300533772495368,01,TP,TCGA-KIRC,KIRC,385,Diploid (n=385)
PTHLH,TCGA.B8.4151.01,0,TCGA-B8-4151-01,TCGA-B8-4151,Diploid,Diploid,PTHLH,5744,3.3741,1.75877220066013,01,TP,TCGA-KIRC,KIRC,385,Diploid (n=385)
PTHLH,TCGA.B8.4153.01,0,TCGA-B8-4153-01,TCGA-B8-4153,Diploid,Diploid,PTHLH,5744,4.2228,2.08161232285789,01,TP,TCGA-KIRC,KIRC,385,Diploid (n=385)
PTHLH,TCGA.B8.4154.01,0,TCGA-B8-4154-01,TCGA-B8-4154,Diploid,Diploid,PTHLH,5744,1.2965,0.385707124657934,01,TP,TCGA-KIRC,KIRC,385,Diploid (n=385)
PTHLH,TCGA.B8.4619.01,0,TCGA-B8-4619-01,TCGA-B8-4619,Diploid,Diploid,PTHLH,5744,0.1273,-2.86459646940235,01,TP,TCGA-KIRC,KIRC,385,Diploid (n=385)
PTHLH,TCGA.B8.4620.01,0,TCGA-B8-4620-01,TCGA-B8-4620,Diploid,Diploid,PTHLH,5744,31.8607,4.99415880134038,01,TP,TCGA-KIRC,KIRC,385,Diploid (n=385)
PTHLH,TCGA.B8.4621.01,1,TCGA-B8-4621-01,TCGA-B8-4621,Gain,Amp,PTHLH,5744,0.0615,-3.8059129478837,01,TP,TCGA-KIRC,KIRC,118,Gain (n=118)
PTHLH,TCGA.B8.4622.01,1,TCGA-B8-4622-01,TCGA-B8-4622,Gain,Amp,PTHLH,5744,3.2458,1.70301207925087,01,TP,TCGA-KIRC,KIRC,118,Gain (n=118)
PTHLH,TCGA.B8.5158.01,0,TCGA-B8-5158-01,TCGA-B8-5158,Diploid,Diploid,PTHLH,5744,184.0684,7.52417653867265,01,TP,TCGA-KIRC,KIRC,385,Diploid (n=385)
PTHLH,TCGA.B8.5159.01,0,TCGA-B8-5159-01,TCGA-B8-5159,Diploid,Diploid,PTHLH,5744,0.6352,-0.632181656393807,01,TP,TCGA-KIRC,KIRC,385,Diploid (n=385)
PTHLH,TCGA.B8.5162.01,0,TCGA-B8-5162-01,TCGA-B8-5162,Diploid,Diploid,PTHLH,5744,2.0887,1.06949595441242,01,TP,TCGA-KIRC,KIRC,385,Diploid (n=385)
PTHLH,TCGA.B8.5163.01,1,TCGA-B8-5163-01,TCGA-B8-5163,Gain,Amp,PTHLH,5744,42.1274,5.39702939331339,01,TP,TCGA-KIRC,KIRC,118,Gain (n=118)
PTHLH,TCGA.B8.5164.01,0,TCGA-B8-5164-01,TCGA-B8-5164,Diploid,Diploid,PTHLH,5744,5.2943,2.40716237354112,01,TP,TCGA-KIRC,KIRC,385,Diploid (n=385)
PTHLH,TCGA.B8.5165.01,0,TCGA-B8-5165-01,TCGA-B8-5165,Diploid,Diploid,PTHLH,5744,2.1659,1.12161225474119,01,TP,TCGA-KIRC,KIRC,385,Diploid (n=385)
PTHLH,TCGA.B8.5545.01,0,TCGA-B8-5545-01,TCGA-B8-5545,Diploid,Diploid,PTHLH,5744,2.8034,1.49231468489253,01,TP,TCGA-KIRC,KIRC,385,Diploid (n=385)
PTHLH,TCGA.B8.5546.01,0,TCGA-B8-5546-01,TCGA-B8-5546,Diploid,Diploid,PTHLH,5744,0.2829,-1.77151990167008,01,TP,TCGA-KIRC,KIRC,385,Diploid (n=385)
PTHLH,TCGA.B8.5549.01,1,TCGA-B8-5549-01,TCGA-B8-5549,Gain,Amp,PTHLH,5744,1.2436,0.326077084923131,01,TP,TCGA-KIRC,KIRC,118,Gain (n=118)
PTHLH,TCGA.B8.5550.01,0,TCGA-B8-5550-01,TCGA-B8-5550,Diploid,Diploid,PTHLH,5744,122.1529,6.93266240526999,01,TP,TCGA-KIRC,KIRC,385,Diploid (n=385)
PTHLH,TCGA.B8.5551.01,1,TCGA-B8-5551-01,TCGA-B8-5551,Gain,Amp,PTHLH,5744,170.5202,7.4138834453412,01,TP,TCGA-KIRC,KIRC,118,Gain (n=118)
PTHLH,TCGA.B8.5552.01,0,TCGA-B8-5552-01,TCGA-B8-5552,Diploid,Diploid,PTHLH,5744,3.663,1.87695889606957,01,TP,TCGA-KIRC,KIRC,385,Diploid (n=385)
PTHLH,TCGA.B8.5553.01,0,TCGA-B8-5553-01,TCGA-B8-5553,Diploid,Diploid,PTHLH,5744,21.4437,4.42315457763874,01,TP,TCGA-KIRC,KIRC,385,Diploid (n=385)
PTHLH,TCGA.B8.A54D.01,0,TCGA-B8-A54D-01,TCGA-B8-A54D,Diploid,Diploid,PTHLH,5744,0.4031,-1.27543703469333,01,TP,TCGA-KIRC,KIRC,385,Diploid (n=385)
PTHLH,TCGA.B8.A54E.01,0,TCGA-B8-A54E-01,TCGA-B8-A54E,Diploid,Diploid,PTHLH,5744,0.2512,-1.93677319800302,01,TP,TCGA-KIRC,KIRC,385,Diploid (n=385)
PTHLH,TCGA.B8.A54F.01,1,TCGA-B8-A54F-01,TCGA-B8-A54F,Gain,Amp,PTHLH,5744,1.2977,0.387031609525704,01,TP,TCGA-KIRC,KIRC,118,Gain (n=118)
PTHLH,TCGA.B8.A54G.01,0,TCGA-B8-A54G-01,TCGA-B8-A54G,Diploid,Diploid,PTHLH,5744,0.3957,-1.30151479234318,01,TP,TCGA-KIRC,KIRC,385,Diploid (n=385)
PTHLH,TCGA.B8.A54H.01,0,TCGA-B8-A54H-01,TCGA-B8-A54H,Diploid,Diploid,PTHLH,5744,30.2427,4.91899200100292,01,TP,TCGA-KIRC,KIRC,385,Diploid (n=385)
PTHLH,TCGA.B8.A54I.01,1,TCGA-B8-A54I-01,TCGA-B8-A54I,Gain,Amp,PTHLH,5744,52.0164,5.70117197745021,01,TP,TCGA-KIRC,KIRC,118,Gain (n=118)
PTHLH,TCGA.B8.A54J.01,0,TCGA-B8-A54J-01,TCGA-B8-A54J,Diploid,Diploid,PTHLH,5744,3.5602,1.83600489524209,01,TP,TCGA-KIRC,KIRC,385,Diploid (n=385)
PTHLH,TCGA.B8.A7U6.01,0,TCGA-B8-A7U6-01,TCGA-B8-A7U6,Diploid,Diploid,PTHLH,5744,4.0306,2.01456953870786,01,TP,TCGA-KIRC,KIRC,385,Diploid (n=385)
PTHLH,TCGA.B8.A8YJ.01,0,TCGA-B8-A8YJ-01,TCGA-B8-A8YJ,Diploid,Diploid,PTHLH,5744,8.4643,3.08309420267528,01,TP,TCGA-KIRC,KIRC,385,Diploid (n=385)
PTHLH,TCGA.BP.4158.01,0,TCGA-BP-4158-01,TCGA-BP-4158,Diploid,Diploid,PTHLH,5744,2.8203,1.50095498082165,01,TP,TCGA-KIRC,KIRC,385,Diploid (n=385)
PTHLH,TCGA.BP.4159.01,0,TCGA-BP-4159-01,TCGA-BP-4159,Diploid,Diploid,PTHLH,5744,8.7659,3.13354708655172,01,TP,TCGA-KIRC,KIRC,385,Diploid (n=385)
PTHLH,TCGA.BP.4160.01,0,TCGA-BP-4160-01,TCGA-BP-4160,Diploid,Diploid,PTHLH,5744,82.7039,6.37005788832249,01,TP,TCGA-KIRC,KIRC,385,Diploid (n=385)
PTHLH,TCGA.BP.4161.01,0,TCGA-BP-4161-01,TCGA-BP-4161,Diploid,Diploid,PTHLH,5744,17.4199,4.12349238724723,01,TP,TCGA-KIRC,KIRC,385,Diploid (n=385)
PTHLH,TCGA.BP.4162.01,1,TCGA-BP-4162-01,TCGA-BP-4162,Gain,Amp,PTHLH,5744,3.9331,1.9793302987477,01,TP,TCGA-KIRC,KIRC,118,Gain (n=118)
PTHLH,TCGA.BP.4163.01,1,TCGA-BP-4163-01,TCGA-BP-4163,Gain,Amp,PTHLH,5744,0.1987,-2.26049749438961,01,TP,TCGA-KIRC,KIRC,118,Gain (n=118)
PTHLH,TCGA.BP.4164.01,0,TCGA-BP-4164-01,TCGA-BP-4164,Diploid,Diploid,PTHLH,5744,564.3894,9.14057264401485,01,TP,TCGA-KIRC,KIRC,385,Diploid (n=385)
PTHLH,TCGA.BP.4165.01,0,TCGA-BP-4165-01,TCGA-BP-4165,Diploid,Diploid,PTHLH,5744,9.6692,3.27488781157758,01,TP,TCGA-KIRC,KIRC,385,Diploid (n=385)
PTHLH,TCGA.BP.4167.01,1,TCGA-BP-4167-01,TCGA-BP-4167,Gain,Amp,PTHLH,5744,2.1128,1.08596845386217,01,TP,TCGA-KIRC,KIRC,118,Gain (n=118)
PTHLH,TCGA.BP.4169.01,0,TCGA-BP-4169-01,TCGA-BP-4169,Diploid,Diploid,PTHLH,5744,53.5233,5.7423646835928,01,TP,TCGA-KIRC,KIRC,385,Diploid (n=385)
PTHLH,TCGA.BP.4170.01,0,TCGA-BP-4170-01,TCGA-BP-4170,Diploid,Diploid,PTHLH,5744,2.1188,1.09004041547277,01,TP,TCGA-KIRC,KIRC,385,Diploid (n=385)
PTHLH,TCGA.BP.4173.01,0,TCGA-BP-4173-01,TCGA-BP-4173,Diploid,Diploid,PTHLH,5744,4.9302,2.30456944933373,01,TP,TCGA-KIRC,KIRC,385,Diploid (n=385)
PTHLH,TCGA.BP.4174.01,1,TCGA-BP-4174-01,TCGA-BP-4174,Gain,Amp,PTHLH,5744,4.4907,2.17014940321788,01,TP,TCGA-KIRC,KIRC,118,Gain (n=118)
PTHLH,TCGA.BP.4176.01,1,TCGA-BP-4176-01,TCGA-BP-4176,Gain,Amp,PTHLH,5744,7.806,2.9664304673063,01,TP,TCGA-KIRC,KIRC,118,Gain (n=118)
PTHLH,TCGA.BP.4177.01,0,TCGA-BP-4177-01,TCGA-BP-4177,Diploid,Diploid,PTHLH,5744,17.582,4.13684760419288,01,TP,TCGA-KIRC,KIRC,385,Diploid (n=385)
PTHLH,TCGA.BP.4325.01,0,TCGA-BP-4325-01,TCGA-BP-4325,Diploid,Diploid,PTHLH,5744,0.8728,-0.179841465269835,01,TP,TCGA-KIRC,KIRC,385,Diploid (n=385)
PTHLH,TCGA.BP.4326.01,0,TCGA-BP-4326-01,TCGA-BP-4326,Diploid,Diploid,PTHLH,5744,592.7293,9.21125390450222,01,TP,TCGA-KIRC,KIRC,385,Diploid (n=385)
PTHLH,TCGA.BP.4327.01,0,TCGA-BP-4327-01,TCGA-BP-4327,Diploid,Diploid,PTHLH,5744,10.2118,3.35357736380624,01,TP,TCGA-KIRC,KIRC,385,Diploid (n=385)
PTHLH,TCGA.BP.4329.01,0,TCGA-BP-4329-01,TCGA-BP-4329,Diploid,Diploid,PTHLH,5744,4.0743,2.03008883894259,01,TP,TCGA-KIRC,KIRC,385,Diploid (n=385)
PTHLH,TCGA.BP.4330.01,0,TCGA-BP-4330-01,TCGA-BP-4330,Diploid,Diploid,PTHLH,5744,170.581,7.41439772507177,01,TP,TCGA-KIRC,KIRC,385,Diploid (n=385)
PTHLH,TCGA.BP.4332.01,0,TCGA-BP-4332-01,TCGA-BP-4332,Diploid,Diploid,PTHLH,5744,3.6103,1.8561092527171,01,TP,TCGA-KIRC,KIRC,385,Diploid (n=385)
PTHLH,TCGA.BP.4334.01,0,TCGA-BP-4334-01,TCGA-BP-4334,Diploid,Diploid,PTHLH,5744,2.0098,1.0142124448121,01,TP,TCGA-KIRC,KIRC,385,Diploid (n=385)
PTHLH,TCGA.BP.4335.01,0,TCGA-BP-4335-01,TCGA-BP-4335,Diploid,Diploid,PTHLH,5744,4.5948,2.20313849719085,01,TP,TCGA-KIRC,KIRC,385,Diploid (n=385)
PTHLH,TCGA.BP.4337.01,1,TCGA-BP-4337-01,TCGA-BP-4337,Gain,Amp,PTHLH,5744,62.5212,5.96650429832604,01,TP,TCGA-KIRC,KIRC,118,Gain (n=118)
PTHLH,TCGA.BP.4338.01,1,TCGA-BP-4338-01,TCGA-BP-4338,Gain,Amp,PTHLH,5744,0.4536,-1.10904752854298,01,TP,TCGA-KIRC,KIRC,118,Gain (n=118)
PTHLH,TCGA.BP.4340.01,0,TCGA-BP-4340-01,TCGA-BP-4340,Diploid,Diploid,PTHLH,5744,1.5286,0.621618213457386,01,TP,TCGA-KIRC,KIRC,385,Diploid (n=385)
PTHLH,TCGA.BP.4341.01,0,TCGA-BP-4341-01,TCGA-BP-4341,Diploid,Diploid,PTHLH,5744,0.5219,-0.910773057929605,01,TP,TCGA-KIRC,KIRC,385,Diploid (n=385)
PTHLH,TCGA.BP.4343.01,0,TCGA-BP-4343-01,TCGA-BP-4343,Diploid,Diploid,PTHLH,5744,241.6954,7.91710589484427,01,TP,TCGA-KIRC,KIRC,385,Diploid (n=385)
PTHLH,TCGA.BP.4346.01,0,TCGA-BP-4346-01,TCGA-BP-4346,Diploid,Diploid,PTHLH,5744,0.9765,-0.0196090439385283,01,TP,TCGA-KIRC,KIRC,385,Diploid (n=385)
PTHLH,TCGA.BP.4347.01,0,TCGA-BP-4347-01,TCGA-BP-4347,Diploid,Diploid,PTHLH,5744,221.9533,7.79417734704853,01,TP,TCGA-KIRC,KIRC,385,Diploid (n=385)
PTHLH,TCGA.BP.4349.01,0,TCGA-BP-4349-01,TCGA-BP-4349,Diploid,Diploid,PTHLH,5744,12.0793,3.59565880632589,01,TP,TCGA-KIRC,KIRC,385,Diploid (n=385)
PTHLH,TCGA.BP.4351.01,1,TCGA-BP-4351-01,TCGA-BP-4351,Gain,Amp,PTHLH,5744,50.066,5.64604742132246,01,TP,TCGA-KIRC,KIRC,118,Gain (n=118)
PTHLH,TCGA.BP.4352.01,1,TCGA-BP-4352-01,TCGA-BP-4352,Gain,Amp,PTHLH,5744,41.0292,5.35893070284788,01,TP,TCGA-KIRC,KIRC,118,Gain (n=118)
PTHLH,TCGA.BP.4354.01,0,TCGA-BP-4354-01,TCGA-BP-4354,Diploid,Diploid,PTHLH,5744,381.9889,8.57742467367232,01,TP,TCGA-KIRC,KIRC,385,Diploid (n=385)
PTHLH,TCGA.BP.4355.01,0,TCGA-BP-4355-01,TCGA-BP-4355,Diploid,Diploid,PTHLH,5744,11.0161,3.46285068585219,01,TP,TCGA-KIRC,KIRC,385,Diploid (n=385)
PTHLH,TCGA.BP.4756.01,0,TCGA-BP-4756-01,TCGA-BP-4756,Diploid,Diploid,PTHLH,5744,0.2078,-2.19892414083254,01,TP,TCGA-KIRC,KIRC,385,Diploid (n=385)
PTHLH,TCGA.BP.4758.01,0,TCGA-BP-4758-01,TCGA-BP-4758,Diploid,Diploid,PTHLH,5744,3.5508,1.83220140590282,01,TP,TCGA-KIRC,KIRC,385,Diploid (n=385)
PTHLH,TCGA.BP.4759.01,0,TCGA-BP-4759-01,TCGA-BP-4759,Diploid,Diploid,PTHLH,5744,3.1582,1.66366341177505,01,TP,TCGA-KIRC,KIRC,385,Diploid (n=385)
PTHLH,TCGA.BP.4760.01,0,TCGA-BP-4760-01,TCGA-BP-4760,Diploid,Diploid,PTHLH,5744,15.5786,3.9624194614252,01,TP,TCGA-KIRC,KIRC,385,Diploid (n=385)
PTHLH,TCGA.BP.4761.01,1,TCGA-BP-4761-01,TCGA-BP-4761,Gain,Amp,PTHLH,5744,102.8374,6.68436151251925,01,TP,TCGA-KIRC,KIRC,118,Gain (n=118)
PTHLH,TCGA.BP.4762.01,0,TCGA-BP-4762-01,TCGA-BP-4762,Diploid,Diploid,PTHLH,5744,0.6379,-0.626156937081691,01,TP,TCGA-KIRC,KIRC,385,Diploid (n=385)
PTHLH,TCGA.BP.4763.01,0,TCGA-BP-4763-01,TCGA-BP-4763,Diploid,Diploid,PTHLH,5744,1.6527,0.73352788747328,01,TP,TCGA-KIRC,KIRC,385,Diploid (n=385)
PTHLH,TCGA.BP.4765.01,0,TCGA-BP-4765-01,TCGA-BP-4765,Diploid,Diploid,PTHLH,5744,0.7798,-0.340440727089101,01,TP,TCGA-KIRC,KIRC,385,Diploid (n=385)
PTHLH,TCGA.BP.4766.01,0,TCGA-BP-4766-01,TCGA-BP-4766,Diploid,Diploid,PTHLH,5744,0.9919,0.0027385198069288,01,TP,TCGA-KIRC,KIRC,385,Diploid (n=385)
PTHLH,TCGA.BP.4768.01,1,TCGA-BP-4768-01,TCGA-BP-4768,Gain,Amp,PTHLH,5744,33.6297,5.07209293453386,01,TP,TCGA-KIRC,KIRC,118,Gain (n=118)
PTHLH,TCGA.BP.4769.01,0,TCGA-BP-4769-01,TCGA-BP-4769,Diploid,Diploid,PTHLH,5744,40.0484,5.32403289351767,01,TP,TCGA-KIRC,KIRC,385,Diploid (n=385)
PTHLH,TCGA.BP.4770.01,0,TCGA-BP-4770-01,TCGA-BP-4770,Diploid,Diploid,PTHLH,5744,21.3284,4.41538009866899,01,TP,TCGA-KIRC,KIRC,385,Diploid (n=385)
PTHLH,TCGA.BP.4771.01,0,TCGA-BP-4771-01,TCGA-BP-4771,Diploid,Diploid,PTHLH,5744,7.2957,2.86902251233687,01,TP,TCGA-KIRC,KIRC,385,Diploid (n=385)
PTHLH,TCGA.BP.4774.01,0,TCGA-BP-4774-01,TCGA-BP-4774,Diploid,Diploid,PTHLH,5744,2.422,1.2821432287815,01,TP,TCGA-KIRC,KIRC,385,Diploid (n=385)
PTHLH,TCGA.BP.4776.01,0,TCGA-BP-4776-01,TCGA-BP-4776,Diploid,Diploid,PTHLH,5744,2.3207,1.22076331748012,01,TP,TCGA-KIRC,KIRC,385,Diploid (n=385)
PTHLH,TCGA.BP.4777.01,0,TCGA-BP-4777-01,TCGA-BP-4777,Diploid,Diploid,PTHLH,5744,11.2342,3.49110911508806,01,TP,TCGA-KIRC,KIRC,385,Diploid (n=385)
PTHLH,TCGA.BP.4781.01,0,TCGA-BP-4781-01,TCGA-BP-4781,Diploid,Diploid,PTHLH,5744,1.4256,0.521653828266628,01,TP,TCGA-KIRC,KIRC,385,Diploid (n=385)
PTHLH,TCGA.BP.4782.01,1,TCGA-BP-4782-01,TCGA-BP-4782,Gain,Amp,PTHLH,5744,2.593,1.38017531174203,01,TP,TCGA-KIRC,KIRC,118,Gain (n=118)
PTHLH,TCGA.BP.4784.01,0,TCGA-BP-4784-01,TCGA-BP-4784,Diploid,Diploid,PTHLH,5744,5.8907,2.56088611152954,01,TP,TCGA-KIRC,KIRC,385,Diploid (n=385)
PTHLH,TCGA.BP.4787.01,1,TCGA-BP-4787-01,TCGA-BP-4787,Gain,Amp,PTHLH,5744,2.9625,1.57167680997093,01,TP,TCGA-KIRC,KIRC,118,Gain (n=118)
PTHLH,TCGA.BP.4789.01,0,TCGA-BP-4789-01,TCGA-BP-4789,Diploid,Diploid,PTHLH,5744,36.0333,5.17165920025865,01,TP,TCGA-KIRC,KIRC,385,Diploid (n=385)
PTHLH,TCGA.BP.4790.01,0,TCGA-BP-4790-01,TCGA-BP-4790,Diploid,Diploid,PTHLH,5744,11.754,3.55630678422498,01,TP,TCGA-KIRC,KIRC,385,Diploid (n=385)
PTHLH,TCGA.BP.4795.01,0,TCGA-BP-4795-01,TCGA-BP-4795,Diploid,Diploid,PTHLH,5744,4.7807,2.26023647281835,01,TP,TCGA-KIRC,KIRC,385,Diploid (n=385)
PTHLH,TCGA.BP.4797.01,0,TCGA-BP-4797-01,TCGA-BP-4797,Diploid,Diploid,PTHLH,5744,5.4544,2.45006309433343,01,TP,TCGA-KIRC,KIRC,385,Diploid (n=385)
PTHLH,TCGA.BP.4798.01,0,TCGA-BP-4798-01,TCGA-BP-4798,Diploid,Diploid,PTHLH,5744,204.5161,7.67614114999745,01,TP,TCGA-KIRC,KIRC,385,Diploid (n=385)
PTHLH,TCGA.BP.4799.01,0,TCGA-BP-4799-01,TCGA-BP-4799,Diploid,Diploid,PTHLH,5744,1.501,0.595503660502742,01,TP,TCGA-KIRC,KIRC,385,Diploid (n=385)
PTHLH,TCGA.BP.4801.01,0,TCGA-BP-4801-01,TCGA-BP-4801,Diploid,Diploid,PTHLH,5744,38.4901,5.26679028794988,01,TP,TCGA-KIRC,KIRC,385,Diploid (n=385)
PTHLH,TCGA.BP.4803.01,1,TCGA-BP-4803-01,TCGA-BP-4803,Gain,Amp,PTHLH,5744,35.377,5.14514755462795,01,TP,TCGA-KIRC,KIRC,118,Gain (n=118)
PTHLH,TCGA.BP.4804.01,1,TCGA-BP-4804-01,TCGA-BP-4804,Gain,Amp,PTHLH,5744,10.3076,3.36703551615501,01,TP,TCGA-KIRC,KIRC,118,Gain (n=118)
PTHLH,TCGA.BP.4807.01,0,TCGA-BP-4807-01,TCGA-BP-4807,Diploid,Diploid,PTHLH,5744,0.644,-0.612637459164004,01,TP,TCGA-KIRC,KIRC,385,Diploid (n=385)
PTHLH,TCGA.BP.4959.01,0,TCGA-BP-4959-01,TCGA-BP-4959,Diploid,Diploid,PTHLH,5744,130.0052,7.02253648751092,01,TP,TCGA-KIRC,KIRC,385,Diploid (n=385)
PTHLH,TCGA.BP.4960.01,1,TCGA-BP-4960-01,TCGA-BP-4960,Gain,Amp,PTHLH,5744,86.5382,6.43543191011096,01,TP,TCGA-KIRC,KIRC,118,Gain (n=118)
PTHLH,TCGA.BP.4961.01,0,TCGA-BP-4961-01,TCGA-BP-4961,Diploid,Diploid,PTHLH,5744,6.4606,2.69389949535383,01,TP,TCGA-KIRC,KIRC,385,Diploid (n=385)
PTHLH,TCGA.BP.4962.01,0,TCGA-BP-4962-01,TCGA-BP-4962,Diploid,Diploid,PTHLH,5744,1.5377,0.630125852324381,01,TP,TCGA-KIRC,KIRC,385,Diploid (n=385)
PTHLH,TCGA.BP.4963.01,1,TCGA-BP-4963-01,TCGA-BP-4963,Gain,Amp,PTHLH,5744,3.5968,1.8507194267274,01,TP,TCGA-KIRC,KIRC,118,Gain (n=118)
PTHLH,TCGA.BP.4964.01,1,TCGA-BP-4964-01,TCGA-BP-4964,Gain,Amp,PTHLH,5744,1.7983,0.854634043133882,01,TP,TCGA-KIRC,KIRC,118,Gain (n=118)
PTHLH,TCGA.BP.4965.01,0,TCGA-BP-4965-01,TCGA-BP-4965,Diploid,Diploid,PTHLH,5744,33.8939,5.08337933246832,01,TP,TCGA-KIRC,KIRC,385,Diploid (n=385)
PTHLH,TCGA.BP.4967.01,0,TCGA-BP-4967-01,TCGA-BP-4967,Diploid,Diploid,PTHLH,5744,3.8022,1.93062380955195,01,TP,TCGA-KIRC,KIRC,385,Diploid (n=385)
PTHLH,TCGA.BP.4968.01,0,TCGA-BP-4968-01,TCGA-BP-4968,Diploid,Diploid,PTHLH,5744,351.1859,8.45613219215314,01,TP,TCGA-KIRC,KIRC,385,Diploid (n=385)
PTHLH,TCGA.BP.4969.01,0,TCGA-BP-4969-01,TCGA-BP-4969,Diploid,Diploid,PTHLH,5744,1.1289,0.187641078180683,01,TP,TCGA-KIRC,KIRC,385,Diploid (n=385)
PTHLH,TCGA.BP.4970.01,0,TCGA-BP-4970-01,TCGA-BP-4970,Diploid,Diploid,PTHLH,5744,46.1031,5.52710475053731,01,TP,TCGA-KIRC,KIRC,385,Diploid (n=385)
PTHLH,TCGA.BP.4971.01,0,TCGA-BP-4971-01,TCGA-BP-4971,Diploid,Diploid,PTHLH,5744,1.8283,0.87837222538343,01,TP,TCGA-KIRC,KIRC,385,Diploid (n=385)
PTHLH,TCGA.BP.4972.01,0,TCGA-BP-4972-01,TCGA-BP-4972,Diploid,Diploid,PTHLH,5744,25.1318,4.65201603653568,01,TP,TCGA-KIRC,KIRC,385,Diploid (n=385)
PTHLH,TCGA.BP.4973.01,0,TCGA-BP-4973-01,TCGA-BP-4973,Diploid,Diploid,PTHLH,5744,12.0803,3.59577813791464,01,TP,TCGA-KIRC,KIRC,385,Diploid (n=385)
PTHLH,TCGA.BP.4974.01,0,TCGA-BP-4974-01,TCGA-BP-4974,Diploid,Diploid,PTHLH,5744,2.2942,1.20426594528956,01,TP,TCGA-KIRC,KIRC,385,Diploid (n=385)
PTHLH,TCGA.BP.4975.01,0,TCGA-BP-4975-01,TCGA-BP-4975,Diploid,Diploid,PTHLH,5744,1.5208,0.614285806119046,01,TP,TCGA-KIRC,KIRC,385,Diploid (n=385)
PTHLH,TCGA.BP.4977.01,1,TCGA-BP-4977-01,TCGA-BP-4977,Gain,Amp,PTHLH,5744,9.8887,3.30723906794951,01,TP,TCGA-KIRC,KIRC,118,Gain (n=118)
PTHLH,TCGA.BP.4981.01,0,TCGA-BP-4981-01,TCGA-BP-4981,Diploid,Diploid,PTHLH,5744,0.7213,-0.451464732861549,01,TP,TCGA-KIRC,KIRC,385,Diploid (n=385)
PTHLH,TCGA.BP.4982.01,0,TCGA-BP-4982-01,TCGA-BP-4982,Diploid,Diploid,PTHLH,5744,5.4492,2.44868955176884,01,TP,TCGA-KIRC,KIRC,385,Diploid (n=385)
PTHLH,TCGA.BP.4983.01,1,TCGA-BP-4983-01,TCGA-BP-4983,Gain,Amp,PTHLH,5744,133.0296,7.05571192587812,01,TP,TCGA-KIRC,KIRC,118,Gain (n=118)
PTHLH,TCGA.BP.4985.01,1,TCGA-BP-4985-01,TCGA-BP-4985,Gain,Amp,PTHLH,5744,6.8193,2.77173771053831,01,TP,TCGA-KIRC,KIRC,118,Gain (n=118)
PTHLH,TCGA.BP.4987.01,0,TCGA-BP-4987-01,TCGA-BP-4987,Diploid,Diploid,PTHLH,5744,0.9508,-0.0576919438438153,01,TP,TCGA-KIRC,KIRC,385,Diploid (n=385)
PTHLH,TCGA.BP.4989.01,0,TCGA-BP-4989-01,TCGA-BP-4989,Diploid,Diploid,PTHLH,5744,10.9039,3.4480948248939,01,TP,TCGA-KIRC,KIRC,385,Diploid (n=385)
PTHLH,TCGA.BP.4991.01,0,TCGA-BP-4991-01,TCGA-BP-4991,Diploid,Diploid,PTHLH,5744,7.2426,2.85849828266863,01,TP,TCGA-KIRC,KIRC,385,Diploid (n=385)
PTHLH,TCGA.BP.4992.01,1,TCGA-BP-4992-01,TCGA-BP-4992,Gain,Amp,PTHLH,5744,92.4973,6.53149531195681,01,TP,TCGA-KIRC,KIRC,118,Gain (n=118)
PTHLH,TCGA.BP.4993.01,0,TCGA-BP-4993-01,TCGA-BP-4993,Diploid,Diploid,PTHLH,5744,0.9349,-0.0817664397736887,01,TP,TCGA-KIRC,KIRC,385,Diploid (n=385)
PTHLH,TCGA.BP.4994.01,1,TCGA-BP-4994-01,TCGA-BP-4994,Gain,Amp,PTHLH,5744,1.2244,0.303809967021285,01,TP,TCGA-KIRC,KIRC,118,Gain (n=118)
PTHLH,TCGA.BP.4998.01,0,TCGA-BP-4998-01,TCGA-BP-4998,Diploid,Diploid,PTHLH,5744,21.0858,4.39888389371025,01,TP,TCGA-KIRC,KIRC,385,Diploid (n=385)
PTHLH,TCGA.BP.4999.01,0,TCGA-BP-4999-01,TCGA-BP-4999,Diploid,Diploid,PTHLH,5744,1.7123,0.784336461442977,01,TP,TCGA-KIRC,KIRC,385,Diploid (n=385)
PTHLH,TCGA.BP.5000.01,0,TCGA-BP-5000-01,TCGA-BP-5000,Diploid,Diploid,PTHLH,5744,8.3041,3.05556010045645,01,TP,TCGA-KIRC,KIRC,385,Diploid (n=385)
PTHLH,TCGA.BP.5001.01,0,TCGA-BP-5001-01,TCGA-BP-5001,Diploid,Diploid,PTHLH,5744,2.0087,1.01342652697914,01,TP,TCGA-KIRC,KIRC,385,Diploid (n=385)
PTHLH,TCGA.BP.5004.01,0,TCGA-BP-5004-01,TCGA-BP-5004,Diploid,Diploid,PTHLH,5744,1.7662,0.828794038198622,01,TP,TCGA-KIRC,KIRC,385,Diploid (n=385)
PTHLH,TCGA.BP.5007.01,0,TCGA-BP-5007-01,TCGA-BP-5007,Diploid,Diploid,PTHLH,5744,2.46,1.30451104180995,01,TP,TCGA-KIRC,KIRC,385,Diploid (n=385)
PTHLH,TCGA.BP.5008.01,0,TCGA-BP-5008-01,TCGA-BP-5008,Diploid,Diploid,PTHLH,5744,2.8071,1.49421077668532,01,TP,TCGA-KIRC,KIRC,385,Diploid (n=385)
PTHLH,TCGA.BP.5010.01,0,TCGA-BP-5010-01,TCGA-BP-5010,Diploid,Diploid,PTHLH,5744,13.064,3.70862869717498,01,TP,TCGA-KIRC,KIRC,385,Diploid (n=385)
PTHLH,TCGA.BP.5168.01,0,TCGA-BP-5168-01,TCGA-BP-5168,Diploid,Diploid,PTHLH,5744,2.4195,1.2806594324552,01,TP,TCGA-KIRC,KIRC,385,Diploid (n=385)
PTHLH,TCGA.BP.5169.01,0,TCGA-BP-5169-01,TCGA-BP-5169,Diploid,Diploid,PTHLH,5744,1.1884,0.261109528909302,01,TP,TCGA-KIRC,KIRC,385,Diploid (n=385)
PTHLH,TCGA.BP.5170.01,0,TCGA-BP-5170-01,TCGA-BP-5170,Diploid,Diploid,PTHLH,5744,13.2758,3.73181319673034,01,TP,TCGA-KIRC,KIRC,385,Diploid (n=385)
PTHLH,TCGA.BP.5173.01,1,TCGA-BP-5173-01,TCGA-BP-5173,Gain,Amp,PTHLH,5744,53.8888,5.75218124813748,01,TP,TCGA-KIRC,KIRC,118,Gain (n=118)
PTHLH,TCGA.BP.5174.01,0,TCGA-BP-5174-01,TCGA-BP-5174,Diploid,Diploid,PTHLH,5744,0.5399,-0.862758808288407,01,TP,TCGA-KIRC,KIRC,385,Diploid (n=385)
PTHLH,TCGA.BP.5175.01,1,TCGA-BP-5175-01,TCGA-BP-5175,Gain,Amp,PTHLH,5744,70.8659,6.14722324476294,01,TP,TCGA-KIRC,KIRC,118,Gain (n=118)
PTHLH,TCGA.BP.5176.01,0,TCGA-BP-5176-01,TCGA-BP-5176,Diploid,Diploid,PTHLH,5744,3.8805,1.95995557967556,01,TP,TCGA-KIRC,KIRC,385,Diploid (n=385)
PTHLH,TCGA.BP.5177.01,0,TCGA-BP-5177-01,TCGA-BP-5177,Diploid,Diploid,PTHLH,5744,5.0377,2.33562616916088,01,TP,TCGA-KIRC,KIRC,385,Diploid (n=385)
PTHLH,TCGA.BP.5178.01,1,TCGA-BP-5178-01,TCGA-BP-5178,Gain,Amp,PTHLH,5744,3.6582,1.87507230064019,01,TP,TCGA-KIRC,KIRC,118,Gain (n=118)
PTHLH,TCGA.BP.5180.01,0,TCGA-BP-5180-01,TCGA-BP-5180,Diploid,Diploid,PTHLH,5744,29.9818,4.90649620506151,01,TP,TCGA-KIRC,KIRC,385,Diploid (n=385)
PTHLH,TCGA.BP.5182.01,0,TCGA-BP-5182-01,TCGA-BP-5182,Diploid,Diploid,PTHLH,5744,0.8919,-0.148960614291275,01,TP,TCGA-KIRC,KIRC,385,Diploid (n=385)
PTHLH,TCGA.BP.5183.01,0,TCGA-BP-5183-01,TCGA-BP-5183,Diploid,Diploid,PTHLH,5744,1.7746,0.835600745019295,01,TP,TCGA-KIRC,KIRC,385,Diploid (n=385)
PTHLH,TCGA.BP.5184.01,0,TCGA-BP-5184-01,TCGA-BP-5184,Diploid,Diploid,PTHLH,5744,0.6883,-0.518081122165209,01,TP,TCGA-KIRC,KIRC,385,Diploid (n=385)
PTHLH,TCGA.BP.5185.01,1,TCGA-BP-5185-01,TCGA-BP-5185,Gain,Amp,PTHLH,5744,15.4479,3.95027243320766,01,TP,TCGA-KIRC,KIRC,118,Gain (n=118)
PTHLH,TCGA.BP.5186.01,0,TCGA-BP-5186-01,TCGA-BP-5186,Diploid,Diploid,PTHLH,5744,0.7513,-0.393463016685219,01,TP,TCGA-KIRC,KIRC,385,Diploid (n=385)
PTHLH,TCGA.BP.5187.01,0,TCGA-BP-5187-01,TCGA-BP-5187,Diploid,Diploid,PTHLH,5744,1.9977,1.00554371109805,01,TP,TCGA-KIRC,KIRC,385,Diploid (n=385)
PTHLH,TCGA.BP.5189.01,0,TCGA-BP-5189-01,TCGA-BP-5189,Diploid,Diploid,PTHLH,5744,1.9162,0.945757507972628,01,TP,TCGA-KIRC,KIRC,385,Diploid (n=385)
PTHLH,TCGA.BP.5190.01,0,TCGA-BP-5190-01,TCGA-BP-5190,Diploid,Diploid,PTHLH,5744,0.3062,-1.66109072719108,01,TP,TCGA-KIRC,KIRC,385,Diploid (n=385)
PTHLH,TCGA.BP.5191.01,1,TCGA-BP-5191-01,TCGA-BP-5191,Gain,Amp,PTHLH,5744,0.3369,-1.52740825426307,01,TP,TCGA-KIRC,KIRC,118,Gain (n=118)
PTHLH,TCGA.BP.5192.01,0,TCGA-BP-5192-01,TCGA-BP-5192,Diploid,Diploid,PTHLH,5744,1.336,0.42867840994823,01,TP,TCGA-KIRC,KIRC,385,Diploid (n=385)
PTHLH,TCGA.BP.5194.01,0,TCGA-BP-5194-01,TCGA-BP-5194,Diploid,Diploid,PTHLH,5744,1.2074,0.283803270928366,01,TP,TCGA-KIRC,KIRC,385,Diploid (n=385)
PTHLH,TCGA.BP.5195.01,0,TCGA-BP-5195-01,TCGA-BP-5195,Diploid,Diploid,PTHLH,5744,2.9842,1.58217059059184,01,TP,TCGA-KIRC,KIRC,385,Diploid (n=385)
PTHLH,TCGA.BP.5196.01,0,TCGA-BP-5196-01,TCGA-BP-5196,Diploid,Diploid,PTHLH,5744,3.835,1.9429835981871,01,TP,TCGA-KIRC,KIRC,385,Diploid (n=385)
PTHLH,TCGA.BP.5198.01,0,TCGA-BP-5198-01,TCGA-BP-5198,Diploid,Diploid,PTHLH,5744,23.9317,4.58145369054779,01,TP,TCGA-KIRC,KIRC,385,Diploid (n=385)
PTHLH,TCGA.BP.5200.01,1,TCGA-BP-5200-01,TCGA-BP-5200,Gain,Amp,PTHLH,5744,6.068,2.60359667486021,01,TP,TCGA-KIRC,KIRC,118,Gain (n=118)
PTHLH,TCGA.BP.5201.01,0,TCGA-BP-5201-01,TCGA-BP-5201,Diploid,Diploid,PTHLH,5744,20.6495,4.36873343349259,01,TP,TCGA-KIRC,KIRC,385,Diploid (n=385)
PTHLH,TCGA.BP.5202.01,0,TCGA-BP-5202-01,TCGA-BP-5202,Diploid,Diploid,PTHLH,5744,0.9944,0.00633393372205049,01,TP,TCGA-KIRC,KIRC,385,Diploid (n=385)
PTHLH,TCGA.CJ.4634.01,0,TCGA-CJ-4634-01,TCGA-CJ-4634,Diploid,Diploid,PTHLH,5744,8.0085,3.00333238070019,01,TP,TCGA-KIRC,KIRC,385,Diploid (n=385)
PTHLH,TCGA.CJ.4635.01,0,TCGA-CJ-4635-01,TCGA-CJ-4635,Diploid,Diploid,PTHLH,5744,29.8214,4.89875978042714,01,TP,TCGA-KIRC,KIRC,385,Diploid (n=385)
PTHLH,TCGA.CJ.4636.01,1,TCGA-CJ-4636-01,TCGA-CJ-4636,Gain,Amp,PTHLH,5744,13.8291,3.79067821793742,01,TP,TCGA-KIRC,KIRC,118,Gain (n=118)
PTHLH,TCGA.CJ.4637.01,0,TCGA-CJ-4637-01,TCGA-CJ-4637,Diploid,Diploid,PTHLH,5744,98.2946,6.61918702154392,01,TP,TCGA-KIRC,KIRC,385,Diploid (n=385)
PTHLH,TCGA.CJ.4638.01,1,TCGA-CJ-4638-01,TCGA-CJ-4638,Gain,Amp,PTHLH,5744,0.2528,-1.92796281922712,01,TP,TCGA-KIRC,KIRC,118,Gain (n=118)
PTHLH,TCGA.CJ.4639.01,0,TCGA-CJ-4639-01,TCGA-CJ-4639,Diploid,Diploid,PTHLH,5744,10.968,3.45654333931247,01,TP,TCGA-KIRC,KIRC,385,Diploid (n=385)
PTHLH,TCGA.CJ.4640.01,0,TCGA-CJ-4640-01,TCGA-CJ-4640,Diploid,Diploid,PTHLH,5744,1.8631,0.905427923421285,01,TP,TCGA-KIRC,KIRC,385,Diploid (n=385)
PTHLH,TCGA.CJ.4641.01,0,TCGA-CJ-4641-01,TCGA-CJ-4641,Diploid,Diploid,PTHLH,5744,34.9253,5.12661362406968,01,TP,TCGA-KIRC,KIRC,385,Diploid (n=385)
PTHLH,TCGA.CJ.4643.01,0,TCGA-CJ-4643-01,TCGA-CJ-4643,Diploid,Diploid,PTHLH,5744,2.6321,1.40168507172246,01,TP,TCGA-KIRC,KIRC,385,Diploid (n=385)
PTHLH,TCGA.CJ.4644.01,0,TCGA-CJ-4644-01,TCGA-CJ-4644,Diploid,Diploid,PTHLH,5744,2.7287,1.45349124040746,01,TP,TCGA-KIRC,KIRC,385,Diploid (n=385)
PTHLH,TCGA.CJ.4868.01,0,TCGA-CJ-4868-01,TCGA-CJ-4868,Diploid,Diploid,PTHLH,5744,110.8775,6.79295293395412,01,TP,TCGA-KIRC,KIRC,385,Diploid (n=385)
PTHLH,TCGA.CJ.4869.01,0,TCGA-CJ-4869-01,TCGA-CJ-4869,Diploid,Diploid,PTHLH,5744,19.245,4.26716121802226,01,TP,TCGA-KIRC,KIRC,385,Diploid (n=385)
PTHLH,TCGA.CJ.4870.01,0,TCGA-CJ-4870-01,TCGA-CJ-4870,Diploid,Diploid,PTHLH,5744,2.0051,1.01085143474546,01,TP,TCGA-KIRC,KIRC,385,Diploid (n=385)
PTHLH,TCGA.CJ.4871.01,0,TCGA-CJ-4871-01,TCGA-CJ-4871,Diploid,Diploid,PTHLH,5744,50.5531,5.66001301207178,01,TP,TCGA-KIRC,KIRC,385,Diploid (n=385)
PTHLH,TCGA.CJ.4872.01,1,TCGA-CJ-4872-01,TCGA-CJ-4872,Gain,Amp,PTHLH,5744,43.8625,5.45524501311682,01,TP,TCGA-KIRC,KIRC,118,Gain (n=118)
PTHLH,TCGA.CJ.4873.01,1,TCGA-CJ-4873-01,TCGA-CJ-4873,Gain,Amp,PTHLH,5744,106.4597,6.73429910492686,01,TP,TCGA-KIRC,KIRC,118,Gain (n=118)
PTHLH,TCGA.CJ.4874.01,0,TCGA-CJ-4874-01,TCGA-CJ-4874,Diploid,Diploid,PTHLH,5744,10.3572,3.3739543948658,01,TP,TCGA-KIRC,KIRC,385,Diploid (n=385)
PTHLH,TCGA.CJ.4875.01,0,TCGA-CJ-4875-01,TCGA-CJ-4875,Diploid,Diploid,PTHLH,5744,10.8737,3.4440971904651,01,TP,TCGA-KIRC,KIRC,385,Diploid (n=385)
PTHLH,TCGA.CJ.4876.01,0,TCGA-CJ-4876-01,TCGA-CJ-4876,Diploid,Diploid,PTHLH,5744,0.4149,-1.23480475123616,01,TP,TCGA-KIRC,KIRC,385,Diploid (n=385)
PTHLH,TCGA.CJ.4878.01,0,TCGA-CJ-4878-01,TCGA-CJ-4878,Diploid,Diploid,PTHLH,5744,1.9975,1.00539998774259,01,TP,TCGA-KIRC,KIRC,385,Diploid (n=385)
PTHLH,TCGA.CJ.4881.01,0,TCGA-CJ-4881-01,TCGA-CJ-4881,Diploid,Diploid,PTHLH,5744,25.191,4.65540907727989,01,TP,TCGA-KIRC,KIRC,385,Diploid (n=385)
PTHLH,TCGA.CJ.4882.01,0,TCGA-CJ-4882-01,TCGA-CJ-4882,Diploid,Diploid,PTHLH,5744,199.0785,7.63726607847686,01,TP,TCGA-KIRC,KIRC,385,Diploid (n=385)
PTHLH,TCGA.CJ.4884.01,1,TCGA-CJ-4884-01,TCGA-CJ-4884,Gain,Amp,PTHLH,5744,5.4543,2.45003669238186,01,TP,TCGA-KIRC,KIRC,118,Gain (n=118)
PTHLH,TCGA.CJ.4885.01,0,TCGA-CJ-4885-01,TCGA-CJ-4885,Diploid,Diploid,PTHLH,5744,0.7955,-0.312043505955518,01,TP,TCGA-KIRC,KIRC,385,Diploid (n=385)
PTHLH,TCGA.CJ.4886.01,0,TCGA-CJ-4886-01,TCGA-CJ-4886,Diploid,Diploid,PTHLH,5744,12.1554,3.60471185195195,01,TP,TCGA-KIRC,KIRC,385,Diploid (n=385)
PTHLH,TCGA.CJ.4887.01,0,TCGA-CJ-4887-01,TCGA-CJ-4887,Diploid,Diploid,PTHLH,5744,16.9113,4.08076850445086,01,TP,TCGA-KIRC,KIRC,385,Diploid (n=385)
PTHLH,TCGA.CJ.4888.01,0,TCGA-CJ-4888-01,TCGA-CJ-4888,Diploid,Diploid,PTHLH,5744,14.5647,3.86539428274081,01,TP,TCGA-KIRC,KIRC,385,Diploid (n=385)
PTHLH,TCGA.CJ.4889.01,0,TCGA-CJ-4889-01,TCGA-CJ-4889,Diploid,Diploid,PTHLH,5744,0.7589,-0.379132115536716,01,TP,TCGA-KIRC,KIRC,385,Diploid (n=385)
PTHLH,TCGA.CJ.4890.01,0,TCGA-CJ-4890-01,TCGA-CJ-4890,Diploid,Diploid,PTHLH,5744,16.3197,4.02942638165421,01,TP,TCGA-KIRC,KIRC,385,Diploid (n=385)
PTHLH,TCGA.CJ.4891.01,0,TCGA-CJ-4891-01,TCGA-CJ-4891,Diploid,Diploid,PTHLH,5744,2.1688,1.12353377229099,01,TP,TCGA-KIRC,KIRC,385,Diploid (n=385)
PTHLH,TCGA.CJ.4892.01,0,TCGA-CJ-4892-01,TCGA-CJ-4892,Diploid,Diploid,PTHLH,5744,2.4854,1.31927109081806,01,TP,TCGA-KIRC,KIRC,385,Diploid (n=385)
PTHLH,TCGA.CJ.4893.01,0,TCGA-CJ-4893-01,TCGA-CJ-4893,Diploid,Diploid,PTHLH,5744,118.7357,6.89173146152571,01,TP,TCGA-KIRC,KIRC,385,Diploid (n=385)
PTHLH,TCGA.CJ.4894.01,0,TCGA-CJ-4894-01,TCGA-CJ-4894,Diploid,Diploid,PTHLH,5744,3.916,1.97306017280408,01,TP,TCGA-KIRC,KIRC,385,Diploid (n=385)
PTHLH,TCGA.CJ.4895.01,0,TCGA-CJ-4895-01,TCGA-CJ-4895,Diploid,Diploid,PTHLH,5744,57.2102,5.83845263516474,01,TP,TCGA-KIRC,KIRC,385,Diploid (n=385)
PTHLH,TCGA.CJ.4897.01,0,TCGA-CJ-4897-01,TCGA-CJ-4897,Diploid,Diploid,PTHLH,5744,7.7387,2.95395428962932,01,TP,TCGA-KIRC,KIRC,385,Diploid (n=385)
PTHLH,TCGA.CJ.4899.01,0,TCGA-CJ-4899-01,TCGA-CJ-4899,Diploid,Diploid,PTHLH,5744,0.9458,-0.0652193273029834,01,TP,TCGA-KIRC,KIRC,385,Diploid (n=385)
PTHLH,TCGA.CJ.4900.01,0,TCGA-CJ-4900-01,TCGA-CJ-4900,Diploid,Diploid,PTHLH,5744,6.7149,2.7495128147954,01,TP,TCGA-KIRC,KIRC,385,Diploid (n=385)
PTHLH,TCGA.CJ.4901.01,0,TCGA-CJ-4901-01,TCGA-CJ-4901,Diploid,Diploid,PTHLH,5744,2.5974,1.38261192301519,01,TP,TCGA-KIRC,KIRC,385,Diploid (n=385)
PTHLH,TCGA.CJ.4902.01,0,TCGA-CJ-4902-01,TCGA-CJ-4902,Diploid,Diploid,PTHLH,5744,44.9804,5.49154528855362,01,TP,TCGA-KIRC,KIRC,385,Diploid (n=385)
PTHLH,TCGA.CJ.4903.01,1,TCGA-CJ-4903-01,TCGA-CJ-4903,Gain,Amp,PTHLH,5744,215.2487,7.74992773723754,01,TP,TCGA-KIRC,KIRC,118,Gain (n=118)
PTHLH,TCGA.CJ.4904.01,0,TCGA-CJ-4904-01,TCGA-CJ-4904,Diploid,Diploid,PTHLH,5744,0.9888,-0.00173227362123712,01,TP,TCGA-KIRC,KIRC,385,Diploid (n=385)
PTHLH,TCGA.CJ.4905.01,0,TCGA-CJ-4905-01,TCGA-CJ-4905,Diploid,Diploid,PTHLH,5744,1.8296,0.879392102830484,01,TP,TCGA-KIRC,KIRC,385,Diploid (n=385)
PTHLH,TCGA.CJ.4907.01,1,TCGA-CJ-4907-01,TCGA-CJ-4907,Gain,Amp,PTHLH,5744,283.5609,8.14756568081573,01,TP,TCGA-KIRC,KIRC,118,Gain (n=118)
PTHLH,TCGA.CJ.4908.01,0,TCGA-CJ-4908-01,TCGA-CJ-4908,Diploid,Diploid,PTHLH,5744,1.2847,0.372617844126292,01,TP,TCGA-KIRC,KIRC,385,Diploid (n=385)
PTHLH,TCGA.CJ.4912.01,1,TCGA-CJ-4912-01,TCGA-CJ-4912,Gain,Amp,PTHLH,5744,3.07,1.62293035092018,01,TP,TCGA-KIRC,KIRC,118,Gain (n=118)
PTHLH,TCGA.CJ.4916.01,0,TCGA-CJ-4916-01,TCGA-CJ-4916,Diploid,Diploid,PTHLH,5744,53.3334,5.73723787715927,01,TP,TCGA-KIRC,KIRC,385,Diploid (n=385)
PTHLH,TCGA.CJ.4918.01,0,TCGA-CJ-4918-01,TCGA-CJ-4918,Diploid,Diploid,PTHLH,5744,90.8771,6.5060036358775,01,TP,TCGA-KIRC,KIRC,385,Diploid (n=385)
PTHLH,TCGA.CJ.4920.01,1,TCGA-CJ-4920-01,TCGA-CJ-4920,Gain,Amp,PTHLH,5744,1.3782,0.473215434070397,01,TP,TCGA-KIRC,KIRC,118,Gain (n=118)
PTHLH,TCGA.CJ.4923.01,1,TCGA-CJ-4923-01,TCGA-CJ-4923,Gain,Amp,PTHLH,5744,61.9664,5.95364705095724,01,TP,TCGA-KIRC,KIRC,118,Gain (n=118)
PTHLH,TCGA.CJ.5671.01,1,TCGA-CJ-5671-01,TCGA-CJ-5671,Gain,Amp,PTHLH,5744,139.2063,7.12118432734386,01,TP,TCGA-KIRC,KIRC,118,Gain (n=118)
PTHLH,TCGA.CJ.5672.01,0,TCGA-CJ-5672-01,TCGA-CJ-5672,Diploid,Diploid,PTHLH,5744,1.0072,0.024603367140657,01,TP,TCGA-KIRC,KIRC,385,Diploid (n=385)
PTHLH,TCGA.CJ.5675.01,0,TCGA-CJ-5675-01,TCGA-CJ-5675,Diploid,Diploid,PTHLH,5744,41.5891,5.37848041076377,01,TP,TCGA-KIRC,KIRC,385,Diploid (n=385)
PTHLH,TCGA.CJ.5676.01,1,TCGA-CJ-5676-01,TCGA-CJ-5676,Gain,Amp,PTHLH,5744,32.0271,5.00167165571225,01,TP,TCGA-KIRC,KIRC,118,Gain (n=118)
PTHLH,TCGA.CJ.5677.01,0,TCGA-CJ-5677-01,TCGA-CJ-5677,Diploid,Diploid,PTHLH,5744,74.063,6.21087586326886,01,TP,TCGA-KIRC,KIRC,385,Diploid (n=385)
PTHLH,TCGA.CJ.5678.01,0,TCGA-CJ-5678-01,TCGA-CJ-5678,Diploid,Diploid,PTHLH,5744,9.4056,3.23505303211445,01,TP,TCGA-KIRC,KIRC,385,Diploid (n=385)
PTHLH,TCGA.CJ.5679.01,1,TCGA-CJ-5679-01,TCGA-CJ-5679,Gain,Amp,PTHLH,5744,128.0794,7.00100728059728,01,TP,TCGA-KIRC,KIRC,118,Gain (n=118)
PTHLH,TCGA.CJ.5680.01,0,TCGA-CJ-5680-01,TCGA-CJ-5680,Diploid,Diploid,PTHLH,5744,5.7773,2.53289043195925,01,TP,TCGA-KIRC,KIRC,385,Diploid (n=385)
PTHLH,TCGA.CJ.5681.01,0,TCGA-CJ-5681-01,TCGA-CJ-5681,Diploid,Diploid,PTHLH,5744,0.166,-2.50635266602479,01,TP,TCGA-KIRC,KIRC,385,Diploid (n=385)
PTHLH,TCGA.CJ.5682.01,1,TCGA-CJ-5682-01,TCGA-CJ-5682,Gain,Amp,PTHLH,5744,18.7966,4.23316714595429,01,TP,TCGA-KIRC,KIRC,118,Gain (n=118)
PTHLH,TCGA.CJ.5683.01,0,TCGA-CJ-5683-01,TCGA-CJ-5683,Diploid,Diploid,PTHLH,5744,1.696,0.770617646656203,01,TP,TCGA-KIRC,KIRC,385,Diploid (n=385)
PTHLH,TCGA.CJ.5684.01,1,TCGA-CJ-5684-01,TCGA-CJ-5684,Gain,Amp,PTHLH,5744,5.8014,2.53888575911176,01,TP,TCGA-KIRC,KIRC,118,Gain (n=118)
PTHLH,TCGA.CJ.5686.01,0,TCGA-CJ-5686-01,TCGA-CJ-5686,Diploid,Diploid,PTHLH,5744,3.8101,1.93361040465259,01,TP,TCGA-KIRC,KIRC,385,Diploid (n=385)
PTHLH,TCGA.CJ.5689.01,0,TCGA-CJ-5689-01,TCGA-CJ-5689,Diploid,Diploid,PTHLH,5744,86.1098,6.42827306395889,01,TP,TCGA-KIRC,KIRC,385,Diploid (n=385)
PTHLH,TCGA.CJ.6027.01,0,TCGA-CJ-6027-01,TCGA-CJ-6027,Diploid,Diploid,PTHLH,5744,92.7192,6.53495180333629,01,TP,TCGA-KIRC,KIRC,385,Diploid (n=385)
PTHLH,TCGA.CJ.6028.01,1,TCGA-CJ-6028-01,TCGA-CJ-6028,Gain,Amp,PTHLH,5744,1.4388,0.534858451400719,01,TP,TCGA-KIRC,KIRC,118,Gain (n=118)
PTHLH,TCGA.CJ.6030.01,0,TCGA-CJ-6030-01,TCGA-CJ-6030,Diploid,Diploid,PTHLH,5744,2.6913,1.43365387104941,01,TP,TCGA-KIRC,KIRC,385,Diploid (n=385)
PTHLH,TCGA.CJ.6031.01,0,TCGA-CJ-6031-01,TCGA-CJ-6031,Diploid,Diploid,PTHLH,5744,14.1838,3.82718897795955,01,TP,TCGA-KIRC,KIRC,385,Diploid (n=385)
PTHLH,TCGA.CJ.6032.01,0,TCGA-CJ-6032-01,TCGA-CJ-6032,Diploid,Diploid,PTHLH,5744,15.7544,3.97859835634551,01,TP,TCGA-KIRC,KIRC,385,Diploid (n=385)
PTHLH,TCGA.CJ.6033.01,0,TCGA-CJ-6033-01,TCGA-CJ-6033,Diploid,Diploid,PTHLH,5744,36.8034,5.20215909472119,01,TP,TCGA-KIRC,KIRC,385,Diploid (n=385)
PTHLH,TCGA.CW.5580.01,0,TCGA-CW-5580-01,TCGA-CW-5580,Diploid,Diploid,PTHLH,5744,3.298,1.72595923450919,01,TP,TCGA-KIRC,KIRC,385,Diploid (n=385)
PTHLH,TCGA.CW.5581.01,0,TCGA-CW-5581-01,TCGA-CW-5581,Diploid,Diploid,PTHLH,5744,11.9324,3.57802089130231,01,TP,TCGA-KIRC,KIRC,385,Diploid (n=385)
PTHLH,TCGA.CW.5583.01,0,TCGA-CW-5583-01,TCGA-CW-5583,Diploid,Diploid,PTHLH,5744,2.8178,1.49968008718706,01,TP,TCGA-KIRC,KIRC,385,Diploid (n=385)
PTHLH,TCGA.CW.5584.01,0,TCGA-CW-5584-01,TCGA-CW-5584,Diploid,Diploid,PTHLH,5744,1.6978,0.772139031221353,01,TP,TCGA-KIRC,KIRC,385,Diploid (n=385)
PTHLH,TCGA.CW.5585.01,0,TCGA-CW-5585-01,TCGA-CW-5585,Diploid,Diploid,PTHLH,5744,1.4348,0.530869797931409,01,TP,TCGA-KIRC,KIRC,385,Diploid (n=385)
PTHLH,TCGA.CW.5587.01,0,TCGA-CW-5587-01,TCGA-CW-5587,Diploid,Diploid,PTHLH,5744,3.2701,1.71373979877778,01,TP,TCGA-KIRC,KIRC,385,Diploid (n=385)
PTHLH,TCGA.CW.5588.01,1,TCGA-CW-5588-01,TCGA-CW-5588,Gain,Amp,PTHLH,5744,2.3737,1.25320267718152,01,TP,TCGA-KIRC,KIRC,118,Gain (n=118)
PTHLH,TCGA.CW.5589.01,0,TCGA-CW-5589-01,TCGA-CW-5589,Diploid,Diploid,PTHLH,5744,1.6889,0.764600935659289,01,TP,TCGA-KIRC,KIRC,385,Diploid (n=385)
PTHLH,TCGA.CW.5591.01,1,TCGA-CW-5591-01,TCGA-CW-5591,Gain,Amp,PTHLH,5744,0.0421,-4.26257281727094,01,TP,TCGA-KIRC,KIRC,118,Gain (n=118)
PTHLH,TCGA.CW.6087.01,1,TCGA-CW-6087-01,TCGA-CW-6087,Gain,Amp,PTHLH,5744,5.759,2.52832126339897,01,TP,TCGA-KIRC,KIRC,118,Gain (n=118)
PTHLH,TCGA.CW.6088.01,0,TCGA-CW-6088-01,TCGA-CW-6088,Diploid,Diploid,PTHLH,5744,19.3367,4.2740155992597,01,TP,TCGA-KIRC,KIRC,385,Diploid (n=385)
PTHLH,TCGA.CW.6090.01,0,TCGA-CW-6090-01,TCGA-CW-6090,Diploid,Diploid,PTHLH,5744,287.405,8.16699154684104,01,TP,TCGA-KIRC,KIRC,385,Diploid (n=385)
PTHLH,TCGA.CW.6093.01,0,TCGA-CW-6093-01,TCGA-CW-6093,Diploid,Diploid,PTHLH,5744,0.8329,-0.24656661207312,01,TP,TCGA-KIRC,KIRC,385,Diploid (n=385)
PTHLH,TCGA.CW.6097.01,0,TCGA-CW-6097-01,TCGA-CW-6097,Diploid,Diploid,PTHLH,5744,156.6619,7.29160263719244,01,TP,TCGA-KIRC,KIRC,385,Diploid (n=385)
PTHLH,TCGA.CZ.4853.01,0,TCGA-CZ-4853-01,TCGA-CZ-4853,Diploid,Diploid,PTHLH,5744,211.0914,7.7217923362777,01,TP,TCGA-KIRC,KIRC,385,Diploid (n=385)
PTHLH,TCGA.CZ.4854.01,1,TCGA-CZ-4854-01,TCGA-CZ-4854,Gain,Amp,PTHLH,5744,170.1503,7.41075067172221,01,TP,TCGA-KIRC,KIRC,118,Gain (n=118)
PTHLH,TCGA.CZ.4856.01,1,TCGA-CZ-4856-01,TCGA-CZ-4856,Gain,Amp,PTHLH,5744,1.4525,0.548436624696042,01,TP,TCGA-KIRC,KIRC,118,Gain (n=118)
PTHLH,TCGA.CZ.4857.01,1,TCGA-CZ-4857-01,TCGA-CZ-4857,Gain,Amp,PTHLH,5744,147.0222,7.19998832914354,01,TP,TCGA-KIRC,KIRC,118,Gain (n=118)
PTHLH,TCGA.CZ.4858.01,0,TCGA-CZ-4858-01,TCGA-CZ-4858,Diploid,Diploid,PTHLH,5744,102.4133,6.67840013724831,01,TP,TCGA-KIRC,KIRC,385,Diploid (n=385)
PTHLH,TCGA.CZ.4859.01,0,TCGA-CZ-4859-01,TCGA-CZ-4859,Diploid,Diploid,PTHLH,5744,1.07,0.111031312388744,01,TP,TCGA-KIRC,KIRC,385,Diploid (n=385)
PTHLH,TCGA.CZ.4860.01,0,TCGA-CZ-4860-01,TCGA-CZ-4860,Diploid,Diploid,PTHLH,5744,264.4447,8.04687680556402,01,TP,TCGA-KIRC,KIRC,385,Diploid (n=385)
PTHLH,TCGA.CZ.4861.01,0,TCGA-CZ-4861-01,TCGA-CZ-4861,Diploid,Diploid,PTHLH,5744,0.9613,-0.0420111332636861,01,TP,TCGA-KIRC,KIRC,385,Diploid (n=385)
PTHLH,TCGA.CZ.4862.01,0,TCGA-CZ-4862-01,TCGA-CZ-4862,Diploid,Diploid,PTHLH,5744,6.3251,2.66336739258873,01,TP,TCGA-KIRC,KIRC,385,Diploid (n=385)
PTHLH,TCGA.CZ.4863.01,0,TCGA-CZ-4863-01,TCGA-CZ-4863,Diploid,Diploid,PTHLH,5744,3.0622,1.61927213846012,01,TP,TCGA-KIRC,KIRC,385,Diploid (n=385)
PTHLH,TCGA.CZ.4864.01,0,TCGA-CZ-4864-01,TCGA-CZ-4864,Diploid,Diploid,PTHLH,5744,2.4243,1.28350697488886,01,TP,TCGA-KIRC,KIRC,385,Diploid (n=385)
PTHLH,TCGA.CZ.4866.01,1,TCGA-CZ-4866-01,TCGA-CZ-4866,Gain,Amp,PTHLH,5744,1.3524,0.446150340129093,01,TP,TCGA-KIRC,KIRC,118,Gain (n=118)
PTHLH,TCGA.CZ.5451.01,0,TCGA-CZ-5451-01,TCGA-CZ-5451,Diploid,Diploid,PTHLH,5744,2.7759,1.47814347326819,01,TP,TCGA-KIRC,KIRC,385,Diploid (n=385)
PTHLH,TCGA.CZ.5452.01,0,TCGA-CZ-5452-01,TCGA-CZ-5452,Diploid,Diploid,PTHLH,5744,86.4844,6.43453482470308,01,TP,TCGA-KIRC,KIRC,385,Diploid (n=385)
PTHLH,TCGA.CZ.5453.01,0,TCGA-CZ-5453-01,TCGA-CZ-5453,Diploid,Diploid,PTHLH,5744,1.6377,0.720453592089683,01,TP,TCGA-KIRC,KIRC,385,Diploid (n=385)
PTHLH,TCGA.CZ.5454.01,0,TCGA-CZ-5454-01,TCGA-CZ-5454,Diploid,Diploid,PTHLH,5744,0.3844,-1.34226854317154,01,TP,TCGA-KIRC,KIRC,385,Diploid (n=385)
PTHLH,TCGA.CZ.5455.01,0,TCGA-CZ-5455-01,TCGA-CZ-5455,Diploid,Diploid,PTHLH,5744,370.6248,8.53385453641342,01,TP,TCGA-KIRC,KIRC,385,Diploid (n=385)
PTHLH,TCGA.CZ.5456.01,1,TCGA-CZ-5456-01,TCGA-CZ-5456,Gain,Amp,PTHLH,5744,46.9746,5.55411606137309,01,TP,TCGA-KIRC,KIRC,118,Gain (n=118)
PTHLH,TCGA.CZ.5458.01,0,TCGA-CZ-5458-01,TCGA-CZ-5458,Diploid,Diploid,PTHLH,5744,3.3401,1.74420416045126,01,TP,TCGA-KIRC,KIRC,385,Diploid (n=385)
PTHLH,TCGA.CZ.5459.01,0,TCGA-CZ-5459-01,TCGA-CZ-5459,Diploid,Diploid,PTHLH,5744,8.5804,3.10272531001109,01,TP,TCGA-KIRC,KIRC,385,Diploid (n=385)
PTHLH,TCGA.CZ.5460.01,0,TCGA-CZ-5460-01,TCGA-CZ-5460,Diploid,Diploid,PTHLH,5744,31.0359,4.95633084996022,01,TP,TCGA-KIRC,KIRC,385,Diploid (n=385)
PTHLH,TCGA.CZ.5461.01,1,TCGA-CZ-5461-01,TCGA-CZ-5461,Gain,Amp,PTHLH,5744,159.1701,7.31451617750418,01,TP,TCGA-KIRC,KIRC,118,Gain (n=118)
PTHLH,TCGA.CZ.5462.01,0,TCGA-CZ-5462-01,TCGA-CZ-5462,Diploid,Diploid,PTHLH,5744,3.9254,1.9765102808885,01,TP,TCGA-KIRC,KIRC,385,Diploid (n=385)
PTHLH,TCGA.CZ.5463.01,0,TCGA-CZ-5463-01,TCGA-CZ-5463,Diploid,Diploid,PTHLH,5744,1.1857,0.257855464115157,01,TP,TCGA-KIRC,KIRC,385,Diploid (n=385)
PTHLH,TCGA.CZ.5464.01,1,TCGA-CZ-5464-01,TCGA-CZ-5464,Gain,Amp,PTHLH,5744,9.375,3.23035674505615,01,TP,TCGA-KIRC,KIRC,118,Gain (n=118)
PTHLH,TCGA.CZ.5465.01,0,TCGA-CZ-5465-01,TCGA-CZ-5465,Diploid,Diploid,PTHLH,5744,29.496,4.88293644902544,01,TP,TCGA-KIRC,KIRC,385,Diploid (n=385)
PTHLH,TCGA.CZ.5466.01,1,TCGA-CZ-5466-01,TCGA-CZ-5466,Gain,Amp,PTHLH,5744,11.6658,3.54544949848326,01,TP,TCGA-KIRC,KIRC,118,Gain (n=118)
PTHLH,TCGA.CZ.5467.01,0,TCGA-CZ-5467-01,TCGA-CZ-5467,Diploid,Diploid,PTHLH,5744,8.2714,3.0498746810486,01,TP,TCGA-KIRC,KIRC,385,Diploid (n=385)
PTHLH,TCGA.CZ.5468.01,1,TCGA-CZ-5468-01,TCGA-CZ-5468,Gain,Amp,PTHLH,5744,119.9208,6.9060584014959,01,TP,TCGA-KIRC,KIRC,118,Gain (n=118)
PTHLH,TCGA.CZ.5469.01,1,TCGA-CZ-5469-01,TCGA-CZ-5469,Gain,Amp,PTHLH,5744,8.4979,3.08880307627555,01,TP,TCGA-KIRC,KIRC,118,Gain (n=118)
PTHLH,TCGA.CZ.5470.01,0,TCGA-CZ-5470-01,TCGA-CZ-5470,Diploid,Diploid,PTHLH,5744,59.061,5.88437813012256,01,TP,TCGA-KIRC,KIRC,385,Diploid (n=385)
PTHLH,TCGA.CZ.5982.01,0,TCGA-CZ-5982-01,TCGA-CZ-5982,Diploid,Diploid,PTHLH,5744,40.9241,5.3552312706698,01,TP,TCGA-KIRC,KIRC,385,Diploid (n=385)
PTHLH,TCGA.CZ.5984.01,1,TCGA-CZ-5984-01,TCGA-CZ-5984,Gain,Amp,PTHLH,5744,28.8134,4.84916862033138,01,TP,TCGA-KIRC,KIRC,118,Gain (n=118)
PTHLH,TCGA.CZ.5985.01,0,TCGA-CZ-5985-01,TCGA-CZ-5985,Diploid,Diploid,PTHLH,5744,107.4866,6.74814721944331,01,TP,TCGA-KIRC,KIRC,385,Diploid (n=385)
PTHLH,TCGA.CZ.5986.01,0,TCGA-CZ-5986-01,TCGA-CZ-5986,Diploid,Diploid,PTHLH,5744,3.0651,1.62063332660092,01,TP,TCGA-KIRC,KIRC,385,Diploid (n=385)
PTHLH,TCGA.CZ.5987.01,1,TCGA-CZ-5987-01,TCGA-CZ-5987,Gain,Amp,PTHLH,5744,75.963,6.24741488598326,01,TP,TCGA-KIRC,KIRC,118,Gain (n=118)
PTHLH,TCGA.CZ.5988.01,0,TCGA-CZ-5988-01,TCGA-CZ-5988,Diploid,Diploid,PTHLH,5744,186.9346,7.54646698851434,01,TP,TCGA-KIRC,KIRC,385,Diploid (n=385)
PTHLH,TCGA.CZ.5989.01,0,TCGA-CZ-5989-01,TCGA-CZ-5989,Diploid,Diploid,PTHLH,5744,41.4192,5.37257605695741,01,TP,TCGA-KIRC,KIRC,385,Diploid (n=385)
PTHLH,TCGA.DV.5565.01,0,TCGA-DV-5565-01,TCGA-DV-5565,Diploid,Diploid,PTHLH,5744,4.7281,2.24430864770892,01,TP,TCGA-KIRC,KIRC,385,Diploid (n=385)
PTHLH,TCGA.DV.5566.01,0,TCGA-DV-5566-01,TCGA-DV-5566,Diploid,Diploid,PTHLH,5744,5.5898,2.48537530142724,01,TP,TCGA-KIRC,KIRC,385,Diploid (n=385)
PTHLH,TCGA.DV.5567.01,0,TCGA-DV-5567-01,TCGA-DV-5567,Diploid,Diploid,PTHLH,5744,14.32,3.84096670448742,01,TP,TCGA-KIRC,KIRC,385,Diploid (n=385)
PTHLH,TCGA.DV.5569.01,0,TCGA-DV-5569-01,TCGA-DV-5569,Diploid,Diploid,PTHLH,5744,7.2891,2.86771858651549,01,TP,TCGA-KIRC,KIRC,385,Diploid (n=385)
PTHLH,TCGA.DV.5574.01,0,TCGA-DV-5574-01,TCGA-DV-5574,Diploid,Diploid,PTHLH,5744,1.2664,0.352080513729863,01,TP,TCGA-KIRC,KIRC,385,Diploid (n=385)
PTHLH,TCGA.DV.5575.01,0,TCGA-DV-5575-01,TCGA-DV-5575,Diploid,Diploid,PTHLH,5744,4.4826,2.16755061678996,01,TP,TCGA-KIRC,KIRC,385,Diploid (n=385)
PTHLH,TCGA.DV.5576.01,0,TCGA-DV-5576-01,TCGA-DV-5576,Diploid,Diploid,PTHLH,5744,180.7832,7.49819660585322,01,TP,TCGA-KIRC,KIRC,385,Diploid (n=385)
PTHLH,TCGA.DV.A4VX.01,1,TCGA-DV-A4VX-01,TCGA-DV-A4VX,Gain,Amp,PTHLH,5744,1.5764,0.665756582679399,01,TP,TCGA-KIRC,KIRC,118,Gain (n=118)
PTHLH,TCGA.DV.A4VZ.01,0,TCGA-DV-A4VZ-01,TCGA-DV-A4VZ,Diploid,Diploid,PTHLH,5744,41.182,5.36429227013537,01,TP,TCGA-KIRC,KIRC,385,Diploid (n=385)
PTHLH,TCGA.DV.A4W0.01,0,TCGA-DV-A4W0-01,TCGA-DV-A4W0,Diploid,Diploid,PTHLH,5744,4.2271,2.08307717821835,01,TP,TCGA-KIRC,KIRC,385,Diploid (n=385)
PTHLH,TCGA.EU.5904.01,0,TCGA-EU-5904-01,TCGA-EU-5904,Diploid,Diploid,PTHLH,5744,62.3506,5.96256290382204,01,TP,TCGA-KIRC,KIRC,385,Diploid (n=385)
PTHLH,TCGA.EU.5905.01,1,TCGA-EU-5905-01,TCGA-EU-5905,Gain,Amp,PTHLH,5744,6.0225,2.59275601044103,01,TP,TCGA-KIRC,KIRC,118,Gain (n=118)
PTHLH,TCGA.EU.5906.01,0,TCGA-EU-5906-01,TCGA-EU-5906,Diploid,Diploid,PTHLH,5744,7.2185,2.85369630179906,01,TP,TCGA-KIRC,KIRC,385,Diploid (n=385)
PTHLH,TCGA.EU.5907.01,0,TCGA-EU-5907-01,TCGA-EU-5907,Diploid,Diploid,PTHLH,5744,362.0351,8.50002561496598,01,TP,TCGA-KIRC,KIRC,385,Diploid (n=385)
PTHLH,TCGA.G6.A5PC.01,0,TCGA-G6-A5PC-01,TCGA-G6-A5PC,Diploid,Diploid,PTHLH,5744,0.2551,-1.91539142468219,01,TP,TCGA-KIRC,KIRC,385,Diploid (n=385)
PTHLH,TCGA.G6.A8L6.01,0,TCGA-G6-A8L6-01,TCGA-G6-A8L6,Diploid,Diploid,PTHLH,5744,2.2407,1.17037377009464,01,TP,TCGA-KIRC,KIRC,385,Diploid (n=385)
PTHLH,TCGA.G6.A8L7.01,0,TCGA-G6-A8L7-01,TCGA-G6-A8L7,Diploid,Diploid,PTHLH,5744,16.8003,4.0712735663175,01,TP,TCGA-KIRC,KIRC,385,Diploid (n=385)
PTHLH,TCGA.G6.A8L8.01,0,TCGA-G6-A8L8-01,TCGA-G6-A8L8,Diploid,Diploid,PTHLH,5744,4.6524,2.22107278251506,01,TP,TCGA-KIRC,KIRC,385,Diploid (n=385)
PTHLH,TCGA.GK.A6C7.01,0,TCGA-GK-A6C7-01,TCGA-GK-A6C7,Diploid,Diploid,PTHLH,5744,1.1316,0.191057239926314,01,TP,TCGA-KIRC,KIRC,385,Diploid (n=385)
PTHLH,TCGA.MM.A563.01,0,TCGA-MM-A563-01,TCGA-MM-A563,Diploid,Diploid,PTHLH,5744,2.8437,1.51283367704867,01,TP,TCGA-KIRC,KIRC,385,Diploid (n=385)
PTHLH,TCGA.MM.A564.01,0,TCGA-MM-A564-01,TCGA-MM-A564,Diploid,Diploid,PTHLH,5744,6.4649,2.69485791162264,01,TP,TCGA-KIRC,KIRC,385,Diploid (n=385)
PTHLH,TCGA.MM.A84U.01,0,TCGA-MM-A84U-01,TCGA-MM-A84U,Diploid,Diploid,PTHLH,5744,0.3651,-1.41465283188798,01,TP,TCGA-KIRC,KIRC,385,Diploid (n=385)
PTHLH,TCGA.MW.A4EC.01,0,TCGA-MW-A4EC-01,TCGA-MW-A4EC,Diploid,Diploid,PTHLH,5744,0.9853,-0.00679665136387552,01,TP,TCGA-KIRC,KIRC,385,Diploid (n=385)
